Day,Hour,CollectorID,ItemName,Total,Marked,MarkedPercent,UpdatedDate
2025-06-12,7,8,Email,305.00,305.00,100.00,2025-06-12 07:00:03.060
2025-06-12,7,8,PopUp,170.00,170.00,100.00,2025-06-12 07:00:03.060
2025-06-12,7,8,SMS,33.00,33.00,100.00,2025-06-12 07:00:03.060
2025-06-12,7,7,Bet,2287.00,2287.00,100.00,2025-06-12 07:00:01.783
2025-06-12,7,7,BonusWin,426.00,426.00,100.00,2025-06-12 07:00:01.783
2025-06-12,7,7,Receive bonus,409.00,409.00,100.00,2025-06-12 07:00:01.783
2025-06-12,7,7,Lost Bonus,9.00,9.00,100.00,2025-06-12 07:00:01.783
2025-06-12,7,7,Bonus Conversion,2.00,2.00,100.00,2025-06-12 07:00:01.783
2025-06-12,7,6,Reg,22.00,22.00,100.00,2025-06-12 07:00:01.780
2025-06-12,7,6,FTD,2.00,2.00,100.00,2025-06-12 07:00:01.780
2025-06-12,7,6,Lead,1.00,1.00,100.00,2025-06-12 07:00:01.780
2025-06-12,7,5,GamStopBlock,6.00,6.00,100.00,2025-06-12 07:00:01.777
2025-06-12,7,5,GamStopRelease,6.00,6.00,100.00,2025-06-12 07:00:01.777
2025-06-12,7,5,ID3CheckResult,2.00,2.00,100.00,2025-06-12 07:00:01.777
2025-06-12,7,5,AMLLevelChangeMGA,1.00,1.00,100.00,2025-06-12 07:00:01.777
2025-06-12,7,5,FrictionlessCheckStatusResult,1.00,1.00,100.00,2025-06-12 07:00:01.777
2025-06-12,7,5,ID3PassSetCDDRequired,1.00,1.00,100.00,2025-06-12 07:00:01.777
2025-06-12,7,5,ResponsibleGamingAlert - Interactions Alert High,1.00,1.00,100.00,2025-06-12 07:00:01.777
2025-06-12,7,4,Casino,16115.00,16115.00,100.00,2025-06-12 07:00:01.760
2025-06-12,7,4,Bingo,35.00,35.00,100.00,2025-06-12 07:00:01.760
2025-06-12,7,4,Sport,34.00,21.00,61.76,2025-06-12 07:00:01.760
2025-06-12,7,4,Live,20.00,20.00,100.00,2025-06-12 07:00:01.760
2025-06-12,7,3,Approved by Fraud,35.00,0.00,0.00,2025-06-12 07:00:01.707
2025-06-12,7,3,New,22.00,0.00,0.00,2025-06-12 07:00:01.707
2025-06-12,7,3,Auto Pay By Fraud Succeeded,5.00,5.00,100.00,2025-06-12 07:00:01.707
2025-06-12,7,3,Paid,2.00,2.00,100.00,2025-06-12 07:00:01.707
2025-06-12,7,3,Auto Pay By Fraud Failed,1.00,0.00,0.00,2025-06-12 07:00:01.707
2025-06-12,7,2,creditcard,66.00,38.00,57.58,2025-06-12 07:00:00.750
2025-06-12,7,2,paybyphone,44.00,14.00,31.82,2025-06-12 07:00:00.750
2025-06-12,7,2,ApplePay,29.00,28.00,96.55,2025-06-12 07:00:00.750
2025-06-12,7,2,paypal,17.00,12.00,70.59,2025-06-12 07:00:00.750
2025-06-12,7,2,paysafecard,7.00,4.00,57.14,2025-06-12 07:00:00.750
2025-06-12,7,2,TrueLayer,7.00,5.00,71.43,2025-06-12 07:00:00.750
2025-06-12,7,2,NuveiPSP,1.00,1.00,100.00,2025-06-12 07:00:00.750
2025-06-12,7,2,Payhound_BTC,1.00,1.00,100.00,2025-06-12 07:00:00.750
2025-06-12,7,1,Bet,16201.00,16188.00,99.92,2025-06-12 07:00:00.667
2025-06-12,7,1,Winning,3709.00,3709.00,100.00,2025-06-12 07:00:00.667
2025-06-12,7,1,Deposit,172.00,103.00,59.88,2025-06-12 07:00:00.667
2025-06-12,7,1,ProcessingFee,21.00,21.00,100.00,2025-06-12 07:00:00.667
2025-06-12,7,1,Withdrawal,8.00,7.00,87.50,2025-06-12 07:00:00.667
2025-06-12,7,1,Affordability Add,8.00,8.00,100.00,2025-06-12 07:00:00.667
2025-06-12,7,1,Affordability Deduct,2.00,2.00,100.00,2025-06-12 07:00:00.667
2025-06-12,7,1,Bonus Released,2.00,2.00,100.00,2025-06-12 07:00:00.667
2025-06-12,7,1,Revenue Adjustment Add,2.00,2.00,100.00,2025-06-12 07:00:00.667
2025-06-12,7,1,Adjustment,1.00,1.00,100.00,2025-06-12 07:00:00.667
2025-06-12,6,8,Email,329.00,329.00,100.00,2025-06-12 06:32:30.150
2025-06-12,6,8,PopUp,205.00,205.00,100.00,2025-06-12 06:32:30.150
2025-06-12,6,8,SMS,39.00,39.00,100.00,2025-06-12 06:32:30.150
2025-06-12,6,7,Bet,1988.00,1988.00,100.00,2025-06-12 06:32:28.480
2025-06-12,6,7,BonusWin,345.00,345.00,100.00,2025-06-12 06:32:28.480
2025-06-12,6,7,Receive bonus,283.00,283.00,100.00,2025-06-12 06:32:28.480
2025-06-12,6,7,Lost Bonus,19.00,19.00,100.00,2025-06-12 06:32:28.480
2025-06-12,6,7,Bonus Conversion,3.00,3.00,100.00,2025-06-12 06:32:28.480
2025-06-12,6,6,Reg,24.00,24.00,100.00,2025-06-12 06:32:28.477
2025-06-12,6,6,FTD,4.00,4.00,100.00,2025-06-12 06:32:28.477
2025-06-12,6,6,Lead,2.00,2.00,100.00,2025-06-12 06:32:28.477
2025-06-12,6,5,GamStopBlock,16.00,16.00,100.00,2025-06-12 06:32:28.453
2025-06-12,6,5,GamStopRelease,13.00,13.00,100.00,2025-06-12 06:32:28.453
2025-06-12,6,5,ID3CheckResult,3.00,3.00,100.00,2025-06-12 06:32:28.453
2025-06-12,6,5,AMLLevelChangeMGA,2.00,2.00,100.00,2025-06-12 06:32:28.453
2025-06-12,6,5,FrictionlessCheckStatusResult,2.00,2.00,100.00,2025-06-12 06:32:28.453
2025-06-12,6,5,ResponsibleGamingAlert - Interactions Alert High,1.00,1.00,100.00,2025-06-12 06:32:28.453
2025-06-12,6,5,ResponsibleGamingAlert - Interactions Alert Medium,1.00,1.00,100.00,2025-06-12 06:32:28.453
2025-06-12,6,4,Casino,16818.00,16818.00,100.00,2025-06-12 06:32:28.367
2025-06-12,6,4,Live,80.00,80.00,100.00,2025-06-12 06:32:28.367
2025-06-12,6,4,Bingo,38.00,38.00,100.00,2025-06-12 06:32:28.367
2025-06-12,6,4,Sport,37.00,24.00,64.86,2025-06-12 06:32:28.367
2025-06-12,6,3,New,22.00,0.00,0.00,2025-06-12 06:32:28.307
2025-06-12,6,3,Approved by Fraud,9.00,0.00,0.00,2025-06-12 06:32:28.307
2025-06-12,6,3,Auto Pay By Fraud Succeeded,9.00,9.00,100.00,2025-06-12 06:32:28.307
2025-06-12,6,3,Paid,4.00,4.00,100.00,2025-06-12 06:32:28.307
2025-06-12,6,3,Auto Pay By Fraud Failed,1.00,0.00,0.00,2025-06-12 06:32:28.307
2025-06-12,6,2,creditcard,62.00,35.00,56.45,2025-06-12 06:32:27.603
2025-06-12,6,2,paybyphone,56.00,19.00,33.93,2025-06-12 06:32:27.603
2025-06-12,6,2,ApplePay,27.00,26.00,96.30,2025-06-12 06:32:27.603
2025-06-12,6,2,paypal,11.00,6.00,54.55,2025-06-12 06:32:27.603
2025-06-12,6,2,TrueLayer,7.00,3.00,42.86,2025-06-12 06:32:27.603
2025-06-12,6,2,paysafecard,6.00,5.00,83.33,2025-06-12 06:32:27.603
2025-06-12,6,1,Bet,16970.00,16957.00,99.92,2025-06-12 06:32:27.583
2025-06-12,6,1,Winning,3738.00,3738.00,100.00,2025-06-12 06:32:27.583
2025-06-12,6,1,Deposit,169.00,94.00,55.62,2025-06-12 06:32:27.583
2025-06-12,6,1,ProcessingFee,32.00,32.00,100.00,2025-06-12 06:32:27.583
2025-06-12,6,1,Withdrawal,14.00,13.00,92.86,2025-06-12 06:32:27.583
2025-06-12,6,1,Affordability Add,8.00,8.00,100.00,2025-06-12 06:32:27.583
2025-06-12,6,1,Bonus Released,3.00,3.00,100.00,2025-06-12 06:32:27.583
2025-06-12,6,1,Revenue Adjustment Add,2.00,2.00,100.00,2025-06-12 06:32:27.583
2025-06-12,5,8,Email,309.00,309.00,100.00,2025-06-12 05:00:08.953
2025-06-12,5,8,PopUp,201.00,201.00,100.00,2025-06-12 05:00:08.953
2025-06-12,5,8,SMS,75.00,75.00,100.00,2025-06-12 05:00:08.953
2025-06-12,5,7,Bet,3609.00,3609.00,100.00,2025-06-12 05:00:04.640
2025-06-12,5,7,Bonus Conversion,1.00,1.00,100.00,2025-06-12 05:00:04.640
2025-06-12,5,7,BonusWin,553.00,553.00,100.00,2025-06-12 05:00:04.640
2025-06-12,5,7,Lost Bonus,17.00,17.00,100.00,2025-06-12 05:00:04.640
2025-06-12,5,7,Receive bonus,826.00,826.00,100.00,2025-06-12 05:00:04.640
2025-06-12,5,6,FTD,1.00,1.00,100.00,2025-06-12 05:00:04.577
2025-06-12,5,6,FTDA,1.00,1.00,100.00,2025-06-12 05:00:04.577
2025-06-12,5,6,Lead,6.00,6.00,100.00,2025-06-12 05:00:04.577
2025-06-12,5,6,Reg,33.00,33.00,100.00,2025-06-12 05:00:04.577
2025-06-12,5,5,AMLLevelChangeMGA,2.00,2.00,100.00,2025-06-12 05:00:04.560
2025-06-12,5,5,FrictionlessCheckStatusResult,1.00,1.00,100.00,2025-06-12 05:00:04.560
2025-06-12,5,5,GamStopBlock,8.00,8.00,100.00,2025-06-12 05:00:04.560
2025-06-12,5,5,GamStopRelease,8.00,8.00,100.00,2025-06-12 05:00:04.560
2025-06-12,5,5,ID3CheckResult,7.00,7.00,100.00,2025-06-12 05:00:04.560
2025-06-12,5,5,ID3PassUKSoftblock,1.00,1.00,100.00,2025-06-12 05:00:04.560
2025-06-12,5,5,ResponsibleGamingAlert - Interactions Alert Medium,1.00,1.00,100.00,2025-06-12 05:00:04.560
2025-06-12,5,4,Bingo,1.00,1.00,100.00,2025-06-12 05:00:03.273
2025-06-12,5,4,Casino,16387.00,16387.00,100.00,2025-06-12 05:00:03.273
2025-06-12,5,4,Live,33.00,33.00,100.00,2025-06-12 05:00:03.273
2025-06-12,5,4,Sport,27.00,20.00,74.07,2025-06-12 05:00:03.273
2025-06-12,5,3,Paid,4.00,4.00,100.00,2025-06-12 05:00:03.067
2025-06-12,5,3,New,10.00,0.00,0.00,2025-06-12 05:00:03.067
2025-06-12,5,3,Auto Pay By Fraud Succeeded,33.00,33.00,100.00,2025-06-12 05:00:03.067
2025-06-12,5,3,Approved by Fraud,10.00,0.00,0.00,2025-06-12 05:00:03.067
2025-06-12,5,2,ApplePay,15.00,15.00,100.00,2025-06-12 05:00:00.967
2025-06-12,5,2,creditcard,77.00,55.00,71.43,2025-06-12 05:00:00.967
2025-06-12,5,2,NuveiPSP,3.00,1.00,33.33,2025-06-12 05:00:00.967
2025-06-12,5,2,paybyphone,48.00,19.00,39.58,2025-06-12 05:00:00.967
2025-06-12,5,2,paypal,3.00,2.00,66.67,2025-06-12 05:00:00.967
2025-06-12,5,2,paysafecard,4.00,3.00,75.00,2025-06-12 05:00:00.967
2025-06-12,5,2,swiffy,1.00,0.00,0.00,2025-06-12 05:00:00.967
2025-06-12,5,2,swiffyDirect,1.00,0.00,0.00,2025-06-12 05:00:00.967
2025-06-12,5,2,TrueLayer,5.00,1.00,20.00,2025-06-12 05:00:00.967
2025-06-12,5,1,Withdrawal,37.00,37.00,100.00,2025-06-12 05:00:00.857
2025-06-12,5,1,Winning,3426.00,3426.00,100.00,2025-06-12 05:00:00.857
2025-06-12,5,1,Affordability Add,3.00,3.00,100.00,2025-06-12 05:00:00.857
2025-06-12,5,1,Bet,16450.00,16442.00,99.95,2025-06-12 05:00:00.857
2025-06-12,5,1,Bonus Released,1.00,1.00,100.00,2025-06-12 05:00:00.857
2025-06-12,5,1,Deposit,157.00,96.00,61.15,2025-06-12 05:00:00.857
2025-06-12,5,1,ProcessingFee,56.00,56.00,100.00,2025-06-12 05:00:00.857
2025-06-12,4,8,SMS,45.00,45.00,100.00,2025-06-12 04:00:12.500
2025-06-12,4,8,PopUp,150.00,150.00,100.00,2025-06-12 04:00:12.500
2025-06-12,4,8,Email,236.00,236.00,100.00,2025-06-12 04:00:12.500
2025-06-12,4,7,Receive bonus,998.00,998.00,100.00,2025-06-12 04:00:04.660
2025-06-12,4,7,Lost Bonus,25.00,25.00,100.00,2025-06-12 04:00:04.660
2025-06-12,4,7,BonusWin,978.00,978.00,100.00,2025-06-12 04:00:04.660
2025-06-12,4,7,Bet,4674.00,4674.00,100.00,2025-06-12 04:00:04.660
2025-06-12,4,6,Reg,34.00,34.00,100.00,2025-06-12 04:00:04.550
2025-06-12,4,6,Lead,5.00,5.00,100.00,2025-06-12 04:00:04.550
2025-06-12,4,6,FTDA,2.00,2.00,100.00,2025-06-12 04:00:04.550
2025-06-12,4,6,FTD,1.00,1.00,100.00,2025-06-12 04:00:04.550
2025-06-12,4,5,AMLLevelChangeMGA,1.00,1.00,100.00,2025-06-12 04:00:04.520
2025-06-12,4,5,GamStopBlock,5.00,5.00,100.00,2025-06-12 04:00:04.520
2025-06-12,4,5,GamStopRelease,9.00,9.00,100.00,2025-06-12 04:00:04.520
2025-06-12,4,5,ID3PassUKSoftblock,1.00,1.00,100.00,2025-06-12 04:00:04.520
2025-06-12,4,5,ID3CheckResult,2.00,2.00,100.00,2025-06-12 04:00:04.520
2025-06-12,4,4,Sport,51.00,43.00,84.31,2025-06-12 04:00:04.493
2025-06-12,4,4,Live,89.00,89.00,100.00,2025-06-12 04:00:04.493
2025-06-12,4,4,Casino,20661.00,20661.00,100.00,2025-06-12 04:00:04.493
2025-06-12,4,4,Bingo,6.00,6.00,100.00,2025-06-12 04:00:04.493
2025-06-12,4,3,Approved by Fraud,23.00,0.00,0.00,2025-06-12 04:00:04.253
2025-06-12,4,3,Auto Pay By Fraud Succeeded,8.00,8.00,100.00,2025-06-12 04:00:04.253
2025-06-12,4,3,New,12.00,0.00,0.00,2025-06-12 04:00:04.253
2025-06-12,4,3,Processing by Method,1.00,0.00,0.00,2025-06-12 04:00:04.253
2025-06-12,4,2,ApplePay,16.00,16.00,100.00,2025-06-12 04:00:00.467
2025-06-12,4,2,NuveiPSP,1.00,0.00,0.00,2025-06-12 04:00:00.467
2025-06-12,4,2,creditcard,50.00,27.00,54.00,2025-06-12 04:00:00.467
2025-06-12,4,2,paypal,3.00,3.00,100.00,2025-06-12 04:00:00.467
2025-06-12,4,2,paybyphone,29.00,8.00,27.59,2025-06-12 04:00:00.467
2025-06-12,4,2,TrueLayer,7.00,6.00,85.71,2025-06-12 04:00:00.467
2025-06-12,4,2,trustly,1.00,1.00,100.00,2025-06-12 04:00:00.467
2025-06-12,4,1,Withdrawal,9.00,8.00,88.89,2025-06-12 04:00:00.367
2025-06-12,4,1,Winning,4470.00,4470.00,100.00,2025-06-12 04:00:00.367
2025-06-12,4,1,ProcessingFee,16.00,16.00,100.00,2025-06-12 04:00:00.367
2025-06-12,4,1,Deposit,107.00,61.00,57.01,2025-06-12 04:00:00.367
2025-06-12,4,1,Bet,20812.00,20804.00,99.96,2025-06-12 04:00:00.367
2025-06-12,4,1,Affordability Add,5.00,5.00,100.00,2025-06-12 04:00:00.367
2025-06-12,3,8,Email,423.00,423.00,100.00,2025-06-12 03:00:03.567
2025-06-12,3,8,PopUp,256.00,256.00,100.00,2025-06-12 03:00:03.567
2025-06-12,3,8,SMS,70.00,70.00,100.00,2025-06-12 03:00:03.567
2025-06-12,3,7,Receive bonus,575.00,575.00,100.00,2025-06-12 03:00:01.717
2025-06-12,3,7,Bet,6074.00,6074.00,100.00,2025-06-12 03:00:01.717
2025-06-12,3,7,Bonus Conversion,3.00,3.00,100.00,2025-06-12 03:00:01.717
2025-06-12,3,7,BonusWin,1075.00,1075.00,100.00,2025-06-12 03:00:01.717
2025-06-12,3,7,Lost Bonus,30.00,30.00,100.00,2025-06-12 03:00:01.717
2025-06-12,3,6,FTD,6.00,6.00,100.00,2025-06-12 03:00:01.700
2025-06-12,3,6,FTDA,6.00,6.00,100.00,2025-06-12 03:00:01.700
2025-06-12,3,6,Lead,6.00,6.00,100.00,2025-06-12 03:00:01.700
2025-06-12,3,6,Reg,40.00,40.00,100.00,2025-06-12 03:00:01.700
2025-06-12,3,5,AMLLevelChangeMGA,3.00,3.00,100.00,2025-06-12 03:00:01.697
2025-06-12,3,5,GamStopRelease,5.00,5.00,100.00,2025-06-12 03:00:01.697
2025-06-12,3,5,GamStopBlock,13.00,13.00,100.00,2025-06-12 03:00:01.697
2025-06-12,3,5,FrictionlessCheckStatusResult,1.00,1.00,100.00,2025-06-12 03:00:01.697
2025-06-12,3,5,ID3PassSetCDDRequired,3.00,3.00,100.00,2025-06-12 03:00:01.697
2025-06-12,3,5,ID3CheckResult,5.00,5.00,100.00,2025-06-12 03:00:01.697
2025-06-12,3,5,ID3PassUKSoftblock,1.00,1.00,100.00,2025-06-12 03:00:01.697
2025-06-12,3,5,ResponsibleGamingAlert - Interactions Alert Medium,1.00,1.00,100.00,2025-06-12 03:00:01.697
2025-06-12,3,5,ResponsibleGamingAlert - Interactions Alert High,1.00,1.00,100.00,2025-06-12 03:00:01.697
2025-06-12,3,4,Bingo,22.00,22.00,100.00,2025-06-12 03:00:01.690
2025-06-12,3,4,Casino,23437.00,23437.00,100.00,2025-06-12 03:00:01.690
2025-06-12,3,4,Live,365.00,365.00,100.00,2025-06-12 03:00:01.690
2025-06-12,3,4,Sport,36.00,25.00,69.44,2025-06-12 03:00:01.690
2025-06-12,3,3,Approved by Fraud,2.00,0.00,0.00,2025-06-12 03:00:01.650
2025-06-12,3,3,Paid,1.00,1.00,100.00,2025-06-12 03:00:01.650
2025-06-12,3,3,New,17.00,0.00,0.00,2025-06-12 03:00:01.650
2025-06-12,3,3,Auto Pay By Fraud Succeeded,7.00,7.00,100.00,2025-06-12 03:00:01.650
2025-06-12,3,2,ApplePay,36.00,33.00,91.67,2025-06-12 03:00:00.790
2025-06-12,3,2,creditcard,82.00,57.00,69.51,2025-06-12 03:00:00.790
2025-06-12,3,2,NuveiPSP,1.00,0.00,0.00,2025-06-12 03:00:00.790
2025-06-12,3,2,paybyphone,85.00,26.00,30.59,2025-06-12 03:00:00.790
2025-06-12,3,2,paypal,1.00,1.00,100.00,2025-06-12 03:00:00.790
2025-06-12,3,2,paysafecard,1.00,0.00,0.00,2025-06-12 03:00:00.790
2025-06-12,3,2,trustly,2.00,2.00,100.00,2025-06-12 03:00:00.790
2025-06-12,3,2,TrueLayer,12.00,8.00,66.67,2025-06-12 03:00:00.790
2025-06-12,3,1,Withdrawal,8.00,8.00,100.00,2025-06-12 03:00:00.777
2025-06-12,3,1,Winning,4939.00,4939.00,100.00,2025-06-12 03:00:00.777
2025-06-12,3,1,Revenue Adjustment Add,1.00,1.00,100.00,2025-06-12 03:00:00.777
2025-06-12,3,1,Affordability Add,17.00,17.00,100.00,2025-06-12 03:00:00.777
2025-06-12,3,1,Bet,23857.00,23846.00,99.95,2025-06-12 03:00:00.777
2025-06-12,3,1,Bonus Released,3.00,3.00,100.00,2025-06-12 03:00:00.777
2025-06-12,3,1,ProcessingFee,34.00,34.00,100.00,2025-06-12 03:00:00.777
2025-06-12,3,1,Deposit,220.00,127.00,57.73,2025-06-12 03:00:00.777
2025-06-12,2,8,SMS,84.00,84.00,100.00,2025-06-12 02:00:04.610
2025-06-12,2,8,PopUp,284.00,284.00,100.00,2025-06-12 02:00:04.610
2025-06-12,2,8,Email,413.00,413.00,100.00,2025-06-12 02:00:04.610
2025-06-12,2,7,Receive bonus,584.00,584.00,100.00,2025-06-12 02:00:02.460
2025-06-12,2,7,Lost Bonus,17.00,17.00,100.00,2025-06-12 02:00:02.460
2025-06-12,2,7,BonusWin,923.00,923.00,100.00,2025-06-12 02:00:02.460
2025-06-12,2,7,Bonus Conversion,3.00,3.00,100.00,2025-06-12 02:00:02.460
2025-06-12,2,7,Bet,4517.00,4517.00,100.00,2025-06-12 02:00:02.460
2025-06-12,2,6,Reg,49.00,49.00,100.00,2025-06-12 02:00:02.403
2025-06-12,2,6,Lead,4.00,4.00,100.00,2025-06-12 02:00:02.403
2025-06-12,2,6,FTDA,3.00,3.00,100.00,2025-06-12 02:00:02.403
2025-06-12,2,6,FTD,10.00,10.00,100.00,2025-06-12 02:00:02.403
2025-06-12,2,5,AMLLevelChangeMGA,1.00,1.00,100.00,2025-06-12 02:00:02.380
2025-06-12,2,5,FrictionlessCheckStatusResult,4.00,4.00,100.00,2025-06-12 02:00:02.380
2025-06-12,2,5,GamStopBlock,2.00,2.00,100.00,2025-06-12 02:00:02.380
2025-06-12,2,5,GamStopRelease,2.00,2.00,100.00,2025-06-12 02:00:02.380
2025-06-12,2,5,ResponsibleGamingAlert - Interactions Alert Medium,2.00,2.00,100.00,2025-06-12 02:00:02.380
2025-06-12,2,5,ResponsibleGamingAlert - Interactions Alert High,1.00,1.00,100.00,2025-06-12 02:00:02.380
2025-06-12,2,5,ID3CheckResult,2.00,2.00,100.00,2025-06-12 02:00:02.380
2025-06-12,2,5,ID3PassSetCDDRequired,2.00,2.00,100.00,2025-06-12 02:00:02.380
2025-06-12,2,4,Sport,60.00,45.00,75.00,2025-06-12 02:00:02.367
2025-06-12,2,4,Live,474.00,474.00,100.00,2025-06-12 02:00:02.367
2025-06-12,2,4,Casino,27116.00,27116.00,100.00,2025-06-12 02:00:02.367
2025-06-12,2,4,Bingo,9.00,9.00,100.00,2025-06-12 02:00:02.367
2025-06-12,2,3,Approved by Fraud,6.00,0.00,0.00,2025-06-12 02:00:02.253
2025-06-12,2,3,Canceled,1.00,0.00,0.00,2025-06-12 02:00:02.253
2025-06-12,2,3,New,16.00,0.00,0.00,2025-06-12 02:00:02.253
2025-06-12,2,3,Paid,1.00,1.00,100.00,2025-06-12 02:00:02.253
2025-06-12,2,2,ApplePay,24.00,24.00,100.00,2025-06-12 02:00:00.767
2025-06-12,2,2,NuveiPSP,1.00,1.00,100.00,2025-06-12 02:00:00.767
2025-06-12,2,2,creditcard,92.00,58.00,63.04,2025-06-12 02:00:00.767
2025-06-12,2,2,paysafecard,10.00,5.00,50.00,2025-06-12 02:00:00.767
2025-06-12,2,2,paypal,7.00,7.00,100.00,2025-06-12 02:00:00.767
2025-06-12,2,2,paybyphone,84.00,34.00,40.48,2025-06-12 02:00:00.767
2025-06-12,2,2,TrueLayer,11.00,10.00,90.91,2025-06-12 02:00:00.767
2025-06-12,2,1,Withdrawal,1.00,1.00,100.00,2025-06-12 02:00:00.753
2025-06-12,2,1,Revenue Adjustment Add,2.00,2.00,100.00,2025-06-12 02:00:00.753
2025-06-12,2,1,Winning,6024.00,6024.00,100.00,2025-06-12 02:00:00.753
2025-06-12,2,1,Deposit,229.00,139.00,60.70,2025-06-12 02:00:00.753
2025-06-12,2,1,ProcessingFee,35.00,35.00,100.00,2025-06-12 02:00:00.753
2025-06-12,2,1,Bonus Released,3.00,3.00,100.00,2025-06-12 02:00:00.753
2025-06-12,2,1,Bet,27662.00,27647.00,99.95,2025-06-12 02:00:00.753
2025-06-12,2,1,Affordability Add,16.00,16.00,100.00,2025-06-12 02:00:00.753
2025-06-12,1,8,Email,571.00,571.00,100.00,2025-06-12 01:00:05.130
2025-06-12,1,8,PopUp,380.00,380.00,100.00,2025-06-12 01:00:05.130
2025-06-12,1,8,SMS,90.00,90.00,100.00,2025-06-12 01:00:05.130
2025-06-12,1,7,Receive bonus,484.00,484.00,100.00,2025-06-12 01:00:03.053
2025-06-12,1,7,Bet,4122.00,4122.00,100.00,2025-06-12 01:00:03.053
2025-06-12,1,7,Bonus Conversion,2.00,2.00,100.00,2025-06-12 01:00:03.053
2025-06-12,1,7,BonusWin,759.00,759.00,100.00,2025-06-12 01:00:03.053
2025-06-12,1,7,Lost Bonus,30.00,30.00,100.00,2025-06-12 01:00:03.053
2025-06-12,1,6,FTDA,5.00,5.00,100.00,2025-06-12 01:00:03.050
2025-06-12,1,6,FTD,12.00,12.00,100.00,2025-06-12 01:00:03.050
2025-06-12,1,6,Lead,2.00,2.00,100.00,2025-06-12 01:00:03.050
2025-06-12,1,6,Reg,57.00,57.00,100.00,2025-06-12 01:00:03.050
2025-06-12,1,5,FrictionlessCheckStatusResult,5.00,5.00,100.00,2025-06-12 01:00:03.047
2025-06-12,1,5,ID3CheckResult,8.00,8.00,100.00,2025-06-12 01:00:03.047
2025-06-12,1,5,ResponsibleGamingAlert - Interactions Alert High,2.00,2.00,100.00,2025-06-12 01:00:03.047
2025-06-12,1,5,ID3PassUKSoftblock,1.00,1.00,100.00,2025-06-12 01:00:03.047
2025-06-12,1,5,ResponsibleGamingAlert - Interactions Alert Medium,3.00,3.00,100.00,2025-06-12 01:00:03.047
2025-06-12,1,4,Bingo,26.00,26.00,100.00,2025-06-12 01:00:03.040
2025-06-12,1,4,Casino,35010.00,35010.00,100.00,2025-06-12 01:00:03.040
2025-06-12,1,4,Live,327.00,327.00,100.00,2025-06-12 01:00:03.040
2025-06-12,1,4,Sport,54.00,25.00,46.30,2025-06-12 01:00:03.040
2025-06-12,1,3,Approved by Fraud,1.00,0.00,0.00,2025-06-12 01:00:02.920
2025-06-12,1,3,Paid,4.00,4.00,100.00,2025-06-12 01:00:02.920
2025-06-12,1,3,New,33.00,0.00,0.00,2025-06-12 01:00:02.920
2025-06-12,1,3,Canceled,9.00,0.00,0.00,2025-06-12 01:00:02.920
2025-06-12,1,3,Failed,7.00,0.00,0.00,2025-06-12 01:00:02.920
2025-06-12,1,3,Auto Pay By Fraud Succeeded,1.00,1.00,100.00,2025-06-12 01:00:02.920
2025-06-12,1,2,ApplePay,51.00,43.00,84.31,2025-06-12 01:00:00.743
2025-06-12,1,2,creditcard,102.00,60.00,58.82,2025-06-12 01:00:00.743
2025-06-12,1,2,NuveiPSP,2.00,0.00,0.00,2025-06-12 01:00:00.743
2025-06-12,1,2,paybyphone,107.00,30.00,28.04,2025-06-12 01:00:00.743
2025-06-12,1,2,paypal,7.00,7.00,100.00,2025-06-12 01:00:00.743
2025-06-12,1,2,paysafecard,4.00,4.00,100.00,2025-06-12 01:00:00.743
2025-06-12,1,2,TrueLayer,23.00,20.00,86.96,2025-06-12 01:00:00.743
2025-06-12,1,1,Administrative Fee,119.00,119.00,100.00,2025-06-12 01:00:00.353
2025-06-12,1,1,Affordability Add,17.00,17.00,100.00,2025-06-12 01:00:00.353
2025-06-12,1,1,Withdrawal,12.00,5.00,41.67,2025-06-12 01:00:00.353
2025-06-12,1,1,Winning,7312.00,7312.00,100.00,2025-06-12 01:00:00.353
2025-06-12,1,1,Bet,35432.00,35402.00,99.92,2025-06-12 01:00:00.353
2025-06-12,1,1,Bonus Released,2.00,2.00,100.00,2025-06-12 01:00:00.353
2025-06-12,1,1,ProcessingFee,35.00,35.00,100.00,2025-06-12 01:00:00.353
2025-06-12,1,1,Deposit,296.00,164.00,55.41,2025-06-12 01:00:00.353
2025-06-12,0,8,SMS,64.00,64.00,100.00,2025-06-12 00:00:05.090
2025-06-12,0,8,PopUp,489.00,489.00,100.00,2025-06-12 00:00:05.090
2025-06-12,0,8,Email,697.00,697.00,100.00,2025-06-12 00:00:05.090
2025-06-12,0,7,Receive bonus,660.00,660.00,100.00,2025-06-12 00:00:03.840
2025-06-12,0,7,Lost Bonus,35.00,35.00,100.00,2025-06-12 00:00:03.840
2025-06-12,0,7,BonusWin,1154.00,1154.00,100.00,2025-06-12 00:00:03.840
2025-06-12,0,7,Bonus Conversion,2.00,2.00,100.00,2025-06-12 00:00:03.840
2025-06-12,0,7,Bet,6349.00,6349.00,100.00,2025-06-12 00:00:03.840
2025-06-12,0,6,Reg,42.00,42.00,100.00,2025-06-12 00:00:03.813
2025-06-12,0,6,Lead,11.00,11.00,100.00,2025-06-12 00:00:03.813
2025-06-12,0,6,FTD,5.00,5.00,100.00,2025-06-12 00:00:03.813
2025-06-12,0,6,FTDA,3.00,3.00,100.00,2025-06-12 00:00:03.813
2025-06-12,0,5,FrictionlessCheckStatusResult,3.00,3.00,100.00,2025-06-12 00:00:03.763
2025-06-12,0,5,GamStopRelease,3.00,3.00,100.00,2025-06-12 00:00:03.763
2025-06-12,0,5,GamStopBlock,16.00,16.00,100.00,2025-06-12 00:00:03.763
2025-06-12,0,5,ResponsibleGamingAlert - Interactions Alert High,1.00,1.00,100.00,2025-06-12 00:00:03.763
2025-06-12,0,5,ID3CheckResult,5.00,5.00,100.00,2025-06-12 00:00:03.763
2025-06-12,0,4,Sport,67.00,53.00,79.10,2025-06-12 00:00:03.743
2025-06-12,0,4,Live,205.00,205.00,100.00,2025-06-12 00:00:03.743
2025-06-12,0,4,Casino,47909.00,47909.00,100.00,2025-06-12 00:00:03.743
2025-06-12,0,4,Bingo,12.00,12.00,100.00,2025-06-12 00:00:03.743
2025-06-12,0,3,Approved by Fraud,2.00,0.00,0.00,2025-06-12 00:00:03.597
2025-06-12,0,3,Canceled,2.00,0.00,0.00,2025-06-12 00:00:03.597
2025-06-12,0,3,New,45.00,0.00,0.00,2025-06-12 00:00:03.597
2025-06-12,0,3,Paid,2.00,2.00,100.00,2025-06-12 00:00:03.597
2025-06-12,0,2,ApplePay,64.00,57.00,89.06,2025-06-12 00:00:00.963
2025-06-12,0,2,NuveiPSP,2.00,2.00,100.00,2025-06-12 00:00:00.963
2025-06-12,0,2,creditcard,126.00,104.00,82.54,2025-06-12 00:00:00.963
2025-06-12,0,2,paysafecard,5.00,3.00,60.00,2025-06-12 00:00:00.963
2025-06-12,0,2,swiffy,1.00,0.00,0.00,2025-06-12 00:00:00.963
2025-06-12,0,2,paypal,13.00,8.00,61.54,2025-06-12 00:00:00.963
2025-06-12,0,2,paybyphone,175.00,63.00,36.00,2025-06-12 00:00:00.963
2025-06-12,0,2,TrueLayer,28.00,11.00,39.29,2025-06-12 00:00:00.963
2025-06-12,0,1,Affordability Add,18.00,18.00,100.00,2025-06-12 00:00:00.920
2025-06-12,0,1,Withdrawal,2.00,2.00,100.00,2025-06-12 00:00:00.920
2025-06-12,0,1,Winning,10301.00,10301.00,100.00,2025-06-12 00:00:00.920
2025-06-12,0,1,Revenue Adjustment Add,1.00,1.00,100.00,2025-06-12 00:00:00.920
2025-06-12,0,1,Deposit,414.00,248.00,59.90,2025-06-12 00:00:00.920
2025-06-12,0,1,ProcessingFee,65.00,65.00,100.00,2025-06-12 00:00:00.920
2025-06-12,0,1,Bonus Released,2.00,2.00,100.00,2025-06-12 00:00:00.920
2025-06-12,0,1,Bet,48194.00,48180.00,99.97,2025-06-12 00:00:00.920
2025-06-11,23,8,SMS,79.00,79.00,100.00,2025-06-11 23:00:02.773
2025-06-11,23,8,Email,716.00,716.00,100.00,2025-06-11 23:00:02.773
2025-06-11,23,8,PopUp,380.00,380.00,100.00,2025-06-11 23:00:02.773
2025-06-11,23,7,Receive bonus,1144.00,1144.00,100.00,2025-06-11 23:00:01.453
2025-06-11,23,7,Bet,5998.00,5998.00,100.00,2025-06-11 23:00:01.453
2025-06-11,23,7,Bonus Conversion,3.00,3.00,100.00,2025-06-11 23:00:01.453
2025-06-11,23,7,BonusWin,990.00,990.00,100.00,2025-06-11 23:00:01.453
2025-06-11,23,7,Lost Bonus,51.00,51.00,100.00,2025-06-11 23:00:01.453
2025-06-11,23,6,FTDA,2.00,2.00,100.00,2025-06-11 23:00:01.447
2025-06-11,23,6,FTD,9.00,9.00,100.00,2025-06-11 23:00:01.447
2025-06-11,23,6,Lead,6.00,6.00,100.00,2025-06-11 23:00:01.447
2025-06-11,23,6,Reg,57.00,57.00,100.00,2025-06-11 23:00:01.447
2025-06-11,23,5,AMLLevelChangeMGA,1.00,1.00,100.00,2025-06-11 23:00:01.410
2025-06-11,23,5,GamStopBlock,16.00,16.00,100.00,2025-06-11 23:00:01.410
2025-06-11,23,5,GamStopRelease,1.00,1.00,100.00,2025-06-11 23:00:01.410
2025-06-11,23,5,FrictionlessCheckStatusResult,5.00,5.00,100.00,2025-06-11 23:00:01.410
2025-06-11,23,5,ID3CheckResult,12.00,12.00,100.00,2025-06-11 23:00:01.410
2025-06-11,23,5,ID3PassSetCDDRequired,2.00,2.00,100.00,2025-06-11 23:00:01.410
2025-06-11,23,5,ResponsibleGamingAlert - Interactions Alert High,5.00,5.00,100.00,2025-06-11 23:00:01.410
2025-06-11,23,5,ID3PassUKSoftblock,3.00,3.00,100.00,2025-06-11 23:00:01.410
2025-06-11,23,5,ResponsibleGamingAlert - Interactions Alert Medium,6.00,6.00,100.00,2025-06-11 23:00:01.410
2025-06-11,23,4,Bingo,23.00,23.00,100.00,2025-06-11 23:00:01.393
2025-06-11,23,4,Casino,57847.00,57847.00,100.00,2025-06-11 23:00:01.393
2025-06-11,23,4,Live,186.00,186.00,100.00,2025-06-11 23:00:01.393
2025-06-11,23,4,Sport,119.00,96.00,80.67,2025-06-11 23:00:01.393
2025-06-11,23,3,New,54.00,0.00,0.00,2025-06-11 23:00:01.247
2025-06-11,23,3,Canceled,4.00,0.00,0.00,2025-06-11 23:00:01.247
2025-06-11,23,2,ApplePay,99.00,87.00,87.88,2025-06-11 23:00:00.230
2025-06-11,23,2,creditcard,145.00,125.00,86.21,2025-06-11 23:00:00.230
2025-06-11,23,2,NuveiPSP,4.00,0.00,0.00,2025-06-11 23:00:00.230
2025-06-11,23,2,paybyphone,97.00,38.00,39.18,2025-06-11 23:00:00.230
2025-06-11,23,2,paypal,25.00,20.00,80.00,2025-06-11 23:00:00.230
2025-06-11,23,2,swiffy,2.00,0.00,0.00,2025-06-11 23:00:00.230
2025-06-11,23,2,paysafecard,9.00,8.00,88.89,2025-06-11 23:00:00.230
2025-06-11,23,2,TrueLayer,19.00,18.00,94.74,2025-06-11 23:00:00.230
2025-06-11,23,1,Affordability Add,24.00,24.00,100.00,2025-06-11 23:00:00.207
2025-06-11,23,1,Bet,58174.00,58151.00,99.96,2025-06-11 23:00:00.207
2025-06-11,23,1,Bonus Released,3.00,3.00,100.00,2025-06-11 23:00:00.207
2025-06-11,23,1,ProcessingFee,38.00,38.00,100.00,2025-06-11 23:00:00.207
2025-06-11,23,1,Deposit,400.00,296.00,74.00,2025-06-11 23:00:00.207
2025-06-11,23,1,Winning,13555.00,13555.00,100.00,2025-06-11 23:00:00.207
2025-06-11,23,1,Withdrawal,1.00,0.00,0.00,2025-06-11 23:00:00.207
2025-06-11,22,8,SMS,109.00,109.00,100.00,2025-06-11 22:00:06.847
2025-06-11,22,8,PopUp,383.00,383.00,100.00,2025-06-11 22:00:06.847
2025-06-11,22,8,Email,775.00,775.00,100.00,2025-06-11 22:00:06.847
2025-06-11,22,7,Receive bonus,1084.00,1084.00,100.00,2025-06-11 22:00:04.580
2025-06-11,22,7,Lost Bonus,29.00,29.00,100.00,2025-06-11 22:00:04.580
2025-06-11,22,7,BonusWin,1147.00,1147.00,100.00,2025-06-11 22:00:04.580
2025-06-11,22,7,Bonus Conversion,4.00,4.00,100.00,2025-06-11 22:00:04.580
2025-06-11,22,7,Bet,6343.00,6343.00,100.00,2025-06-11 22:00:04.580
2025-06-11,22,6,Reg,47.00,47.00,100.00,2025-06-11 22:00:04.557
2025-06-11,22,6,Lead,7.00,7.00,100.00,2025-06-11 22:00:04.557
2025-06-11,22,6,FTD,15.00,15.00,100.00,2025-06-11 22:00:04.557
2025-06-11,22,6,FTDA,3.00,3.00,100.00,2025-06-11 22:00:04.557
2025-06-11,22,5,AMLLevelChangeMGA,1.00,1.00,100.00,2025-06-11 22:00:04.540
2025-06-11,22,5,FrictionlessCheckStatusResult,6.00,6.00,100.00,2025-06-11 22:00:04.540
2025-06-11,22,5,GamStopRelease,5.00,5.00,100.00,2025-06-11 22:00:04.540
2025-06-11,22,5,GamStopBlock,18.00,18.00,100.00,2025-06-11 22:00:04.540
2025-06-11,22,5,ResponsibleGamingAlert - Interactions Alert Medium,6.00,6.00,100.00,2025-06-11 22:00:04.540
2025-06-11,22,5,ResponsibleGamingAlert - Interactions Alert High,4.00,4.00,100.00,2025-06-11 22:00:04.540
2025-06-11,22,5,ID3PassSetCDDRequired,3.00,3.00,100.00,2025-06-11 22:00:04.540
2025-06-11,22,5,ID3CheckResult,5.00,5.00,100.00,2025-06-11 22:00:04.540
2025-06-11,22,4,Sport,170.00,122.00,71.76,2025-06-11 22:00:04.507
2025-06-11,22,4,Live,654.00,654.00,100.00,2025-06-11 22:00:04.507
2025-06-11,22,4,Casino,63389.00,63389.00,100.00,2025-06-11 22:00:04.507
2025-06-11,22,4,Bingo,9.00,9.00,100.00,2025-06-11 22:00:04.507
2025-06-11,22,3,Approved by Fraud,1.00,0.00,0.00,2025-06-11 22:00:04.187
2025-06-11,22,3,Auto Pay By Fraud Succeeded,35.00,35.00,100.00,2025-06-11 22:00:04.187
2025-06-11,22,3,New,51.00,0.00,0.00,2025-06-11 22:00:04.187
2025-06-11,22,3,Paid,8.00,8.00,100.00,2025-06-11 22:00:04.187
2025-06-11,22,2,ApplePay,90.00,87.00,96.67,2025-06-11 22:00:01.823
2025-06-11,22,2,NuveiPSP,9.00,3.00,33.33,2025-06-11 22:00:01.823
2025-06-11,22,2,creditcard,199.00,169.00,84.92,2025-06-11 22:00:01.823
2025-06-11,22,2,paysafecard,11.00,4.00,36.36,2025-06-11 22:00:01.823
2025-06-11,22,2,swiffy,1.00,0.00,0.00,2025-06-11 22:00:01.823
2025-06-11,22,2,paypal,28.00,28.00,100.00,2025-06-11 22:00:01.823
2025-06-11,22,2,paybyphone,91.00,34.00,37.36,2025-06-11 22:00:01.823
2025-06-11,22,2,TrueLayer,24.00,19.00,79.17,2025-06-11 22:00:01.823
2025-06-11,22,2,trustly,1.00,1.00,100.00,2025-06-11 22:00:01.823
2025-06-11,22,1,Affordability Add,29.00,29.00,100.00,2025-06-11 22:00:01.640
2025-06-11,22,1,Withdrawal,43.00,43.00,100.00,2025-06-11 22:00:01.640
2025-06-11,22,1,Winning,15071.00,15071.00,100.00,2025-06-11 22:00:01.640
2025-06-11,22,1,Revenue Adjustment Add,1.00,1.00,100.00,2025-06-11 22:00:01.640
2025-06-11,22,1,Deposit,454.00,345.00,75.99,2025-06-11 22:00:01.640
2025-06-11,22,1,ProcessingFee,77.00,77.00,100.00,2025-06-11 22:00:01.640
2025-06-11,22,1,Bonus Released,4.00,4.00,100.00,2025-06-11 22:00:01.640
2025-06-11,22,1,Bet,64212.00,64163.00,99.92,2025-06-11 22:00:01.640
2025-06-11,21,8,SMS,136.00,136.00,100.00,2025-06-11 21:00:03.397
2025-06-11,21,8,Email,875.00,875.00,100.00,2025-06-11 21:00:03.397
2025-06-11,21,8,PopUp,404.00,404.00,100.00,2025-06-11 21:00:03.397
2025-06-11,21,7,Receive bonus,1018.00,1018.00,100.00,2025-06-11 21:00:01.710
2025-06-11,21,7,Bet,6037.00,6037.00,100.00,2025-06-11 21:00:01.710
2025-06-11,21,7,Bonus Conversion,5.00,5.00,100.00,2025-06-11 21:00:01.710
2025-06-11,21,7,BonusWin,1075.00,1075.00,100.00,2025-06-11 21:00:01.710
2025-06-11,21,7,Lost Bonus,41.00,41.00,100.00,2025-06-11 21:00:01.710
2025-06-11,21,6,FTDA,5.00,5.00,100.00,2025-06-11 21:00:01.700
2025-06-11,21,6,FTD,17.00,17.00,100.00,2025-06-11 21:00:01.700
2025-06-11,21,6,Lead,6.00,6.00,100.00,2025-06-11 21:00:01.700
2025-06-11,21,6,Reg,43.00,43.00,100.00,2025-06-11 21:00:01.700
2025-06-11,21,5,AMLLevelChangeMGA,1.00,1.00,100.00,2025-06-11 21:00:01.697
2025-06-11,21,5,GamStopBlock,10.00,10.00,100.00,2025-06-11 21:00:01.697
2025-06-11,21,5,GamStopRelease,1.00,1.00,100.00,2025-06-11 21:00:01.697
2025-06-11,21,5,FrictionlessCheckStatusResult,3.00,3.00,100.00,2025-06-11 21:00:01.697
2025-06-11,21,5,ID3CheckResult,12.00,12.00,100.00,2025-06-11 21:00:01.697
2025-06-11,21,5,ID3PassSetCDDRequired,3.00,3.00,100.00,2025-06-11 21:00:01.697
2025-06-11,21,5,ResponsibleGamingAlert - Interactions Alert High,4.00,4.00,100.00,2025-06-11 21:00:01.697
2025-06-11,21,5,ID3PassUKSoftblock,1.00,1.00,100.00,2025-06-11 21:00:01.697
2025-06-11,21,5,ResponsibleGamingAlert - Interactions Alert Medium,8.00,8.00,100.00,2025-06-11 21:00:01.697
2025-06-11,21,4,Bingo,45.00,45.00,100.00,2025-06-11 21:00:01.690
2025-06-11,21,4,Casino,59143.00,59143.00,100.00,2025-06-11 21:00:01.690
2025-06-11,21,4,Live,402.00,402.00,100.00,2025-06-11 21:00:01.690
2025-06-11,21,4,Sport,187.00,146.00,78.07,2025-06-11 21:00:01.690
2025-06-11,21,3,Approved by Fraud,39.00,0.00,0.00,2025-06-11 21:00:01.560
2025-06-11,21,3,Auto Pay By Fraud Failed,2.00,0.00,0.00,2025-06-11 21:00:01.560
2025-06-11,21,3,Paid,6.00,6.00,100.00,2025-06-11 21:00:01.560
2025-06-11,21,3,New,35.00,0.00,0.00,2025-06-11 21:00:01.560
2025-06-11,21,3,Auto Pay By Fraud Succeeded,55.00,55.00,100.00,2025-06-11 21:00:01.560
2025-06-11,21,2,ApplePay,90.00,81.00,90.00,2025-06-11 21:00:00.453
2025-06-11,21,2,creditcard,237.00,191.00,80.59,2025-06-11 21:00:00.453
2025-06-11,21,2,NuveiPSP,10.00,6.00,60.00,2025-06-11 21:00:00.453
2025-06-11,21,2,paybyphone,129.00,59.00,45.74,2025-06-11 21:00:00.453
2025-06-11,21,2,Payhound_BTC,2.00,2.00,100.00,2025-06-11 21:00:00.453
2025-06-11,21,2,paypal,33.00,32.00,96.97,2025-06-11 21:00:00.453
2025-06-11,21,2,paysafecard,10.00,5.00,50.00,2025-06-11 21:00:00.453
2025-06-11,21,2,trustly,1.00,0.00,0.00,2025-06-11 21:00:00.453
2025-06-11,21,2,TrueLayer,32.00,23.00,71.88,2025-06-11 21:00:00.453
2025-06-11,21,2,TrueLayerFinland,1.00,0.00,0.00,2025-06-11 21:00:00.453
2025-06-11,21,1,Affordability Add,38.00,38.00,100.00,2025-06-11 21:00:00.377
2025-06-11,21,1,Withdrawal,62.00,61.00,98.39,2025-06-11 21:00:00.377
2025-06-11,21,1,Revenue Adjustment Add,1.00,1.00,100.00,2025-06-11 21:00:00.377
2025-06-11,21,1,Winning,13750.00,13750.00,100.00,2025-06-11 21:00:00.377
2025-06-11,21,1,Bet,59775.00,59734.00,99.93,2025-06-11 21:00:00.377
2025-06-11,21,1,Bonus Released,5.00,5.00,100.00,2025-06-11 21:00:00.377
2025-06-11,21,1,ProcessingFee,120.00,120.00,100.00,2025-06-11 21:00:00.377
2025-06-11,21,1,Deposit,545.00,399.00,73.21,2025-06-11 21:00:00.377
2025-06-11,20,8,SMS,172.00,172.00,100.00,2025-06-11 20:00:04.863
2025-06-11,20,8,PopUp,406.00,406.00,100.00,2025-06-11 20:00:04.863
2025-06-11,20,8,Email,918.00,918.00,100.00,2025-06-11 20:00:04.863
2025-06-11,20,7,Receive bonus,717.00,717.00,100.00,2025-06-11 20:00:02.697
2025-06-11,20,7,Lost Bonus,54.00,54.00,100.00,2025-06-11 20:00:02.697
2025-06-11,20,7,BonusWin,1076.00,1076.00,100.00,2025-06-11 20:00:02.697
2025-06-11,20,7,Bonus Conversion,3.00,3.00,100.00,2025-06-11 20:00:02.697
2025-06-11,20,7,Bet,5565.00,5565.00,100.00,2025-06-11 20:00:02.697
2025-06-11,20,6,Reg,43.00,43.00,100.00,2025-06-11 20:00:02.690
2025-06-11,20,6,Lead,10.00,10.00,100.00,2025-06-11 20:00:02.690
2025-06-11,20,6,FTD,16.00,16.00,100.00,2025-06-11 20:00:02.690
2025-06-11,20,6,FTDA,4.00,4.00,100.00,2025-06-11 20:00:02.690
2025-06-11,20,5,AMLLevelChangeMGA,4.00,4.00,100.00,2025-06-11 20:00:02.690
2025-06-11,20,5,FrictionlessCheckStatusResult,6.00,6.00,100.00,2025-06-11 20:00:02.690
2025-06-11,20,5,GamStopRelease,1.00,1.00,100.00,2025-06-11 20:00:02.690
2025-06-11,20,5,GamStopBlock,13.00,13.00,100.00,2025-06-11 20:00:02.690
2025-06-11,20,5,ResponsibleGamingAlert - Interactions Alert Medium,9.00,9.00,100.00,2025-06-11 20:00:02.690
2025-06-11,20,5,ID3PassUKSoftblock,2.00,2.00,100.00,2025-06-11 20:00:02.690
2025-06-11,20,5,ResponsibleGamingAlert - Interactions Alert High,2.00,2.00,100.00,2025-06-11 20:00:02.690
2025-06-11,20,5,ID3PassSetCDDRequired,1.00,1.00,100.00,2025-06-11 20:00:02.690
2025-06-11,20,5,ID3CheckResult,6.00,6.00,100.00,2025-06-11 20:00:02.690
2025-06-11,20,4,Sport,233.00,161.00,69.10,2025-06-11 20:00:02.683
2025-06-11,20,4,Live,332.00,332.00,100.00,2025-06-11 20:00:02.683
2025-06-11,20,4,Casino,59406.00,59406.00,100.00,2025-06-11 20:00:02.683
2025-06-11,20,4,Bingo,26.00,26.00,100.00,2025-06-11 20:00:02.683
2025-06-11,20,3,Auto Pay By Fraud Failed,1.00,0.00,0.00,2025-06-11 20:00:02.483
2025-06-11,20,3,Approved by Fraud,37.00,0.00,0.00,2025-06-11 20:00:02.483
2025-06-11,20,3,Auto Pay By Fraud Succeeded,81.00,81.00,100.00,2025-06-11 20:00:02.483
2025-06-11,20,3,Canceled,3.00,0.00,0.00,2025-06-11 20:00:02.483
2025-06-11,20,3,New,24.00,0.00,0.00,2025-06-11 20:00:02.483
2025-06-11,20,3,Paid,7.00,7.00,100.00,2025-06-11 20:00:02.483
2025-06-11,20,3,Processing by Method,1.00,0.00,0.00,2025-06-11 20:00:02.483
2025-06-11,20,3,Rejected by Fraud,1.00,0.00,0.00,2025-06-11 20:00:02.483
2025-06-11,20,2,ApplePay,92.00,83.00,90.22,2025-06-11 20:00:01.103
2025-06-11,20,2,NuveiPSP,5.00,0.00,0.00,2025-06-11 20:00:01.103
2025-06-11,20,2,creditcard,234.00,196.00,83.76,2025-06-11 20:00:01.103
2025-06-11,20,2,paysafecard,11.00,6.00,54.55,2025-06-11 20:00:01.103
2025-06-11,20,2,paypal,33.00,32.00,96.97,2025-06-11 20:00:01.103
2025-06-11,20,2,Payhound_BTC,2.00,2.00,100.00,2025-06-11 20:00:01.103
2025-06-11,20,2,paybyphone,132.00,48.00,36.36,2025-06-11 20:00:01.103
2025-06-11,20,2,TrueLayer,39.00,26.00,66.67,2025-06-11 20:00:01.103
2025-06-11,20,2,trustly,1.00,1.00,100.00,2025-06-11 20:00:01.103
2025-06-11,20,1,Affordability Add,36.00,36.00,100.00,2025-06-11 20:00:00.923
2025-06-11,20,1,Withdrawal,92.00,88.00,95.65,2025-06-11 20:00:00.923
2025-06-11,20,1,Winning,13226.00,13226.00,100.00,2025-06-11 20:00:00.923
2025-06-11,20,1,Revenue Adjustment Add,1.00,1.00,100.00,2025-06-11 20:00:00.923
2025-06-11,20,1,Deposit,549.00,394.00,71.77,2025-06-11 20:00:00.923
2025-06-11,20,1,ProcessingFee,134.00,134.00,100.00,2025-06-11 20:00:00.923
2025-06-11,20,1,Bonus Released,3.00,3.00,100.00,2025-06-11 20:00:00.923
2025-06-11,20,1,Bet,60003.00,59931.00,99.88,2025-06-11 20:00:00.923
2025-06-11,19,8,SMS,128.00,128.00,100.00,2025-06-11 19:00:05.397
2025-06-11,19,8,Email,817.00,817.00,100.00,2025-06-11 19:00:05.397
2025-06-11,19,8,PopUp,378.00,378.00,100.00,2025-06-11 19:00:05.397
2025-06-11,19,7,Receive bonus,967.00,967.00,100.00,2025-06-11 19:00:03.080
2025-06-11,19,7,Bet,7067.00,7067.00,100.00,2025-06-11 19:00:03.080
2025-06-11,19,7,Bonus Conversion,3.00,3.00,100.00,2025-06-11 19:00:03.080
2025-06-11,19,7,Bonus Adjustment,1.00,1.00,100.00,2025-06-11 19:00:03.080
2025-06-11,19,7,BonusWin,1195.00,1195.00,100.00,2025-06-11 19:00:03.080
2025-06-11,19,7,Lost Bonus,51.00,51.00,100.00,2025-06-11 19:00:03.080
2025-06-11,19,6,FTDA,2.00,2.00,100.00,2025-06-11 19:00:03.057
2025-06-11,19,6,FTD,13.00,13.00,100.00,2025-06-11 19:00:03.057
2025-06-11,19,6,Lead,2.00,2.00,100.00,2025-06-11 19:00:03.057
2025-06-11,19,6,Reg,50.00,50.00,100.00,2025-06-11 19:00:03.057
2025-06-11,19,5,ResponsibleGamingAlert - Interactions Alert Severe,1.00,1.00,100.00,2025-06-11 19:00:03.053
2025-06-11,19,5,AMLLevelChangeMGA,5.00,5.00,100.00,2025-06-11 19:00:03.053
2025-06-11,19,5,GamStopBlock,9.00,9.00,100.00,2025-06-11 19:00:03.053
2025-06-11,19,5,GamStopRelease,2.00,2.00,100.00,2025-06-11 19:00:03.053
2025-06-11,19,5,FrictionlessCheckStatusResult,4.00,4.00,100.00,2025-06-11 19:00:03.053
2025-06-11,19,5,ID3CheckResult,9.00,9.00,100.00,2025-06-11 19:00:03.053
2025-06-11,19,5,ResponsibleGamingAlert - Interactions Alert High,2.00,2.00,100.00,2025-06-11 19:00:03.053
2025-06-11,19,5,ResponsibleGamingAlert - Interactions Alert Medium,3.00,3.00,100.00,2025-06-11 19:00:03.053
2025-06-11,19,4,Bingo,10.00,10.00,100.00,2025-06-11 19:00:03.050
2025-06-11,19,4,Casino,57827.00,57827.00,100.00,2025-06-11 19:00:03.050
2025-06-11,19,4,Live,156.00,156.00,100.00,2025-06-11 19:00:03.050
2025-06-11,19,4,Sport,222.00,143.00,64.41,2025-06-11 19:00:03.050
2025-06-11,19,3,Approved by Fraud,48.00,0.00,0.00,2025-06-11 19:00:02.913
2025-06-11,19,3,Auto Pay By Fraud Failed,1.00,0.00,0.00,2025-06-11 19:00:02.913
2025-06-11,19,3,Paid,6.00,6.00,100.00,2025-06-11 19:00:02.913
2025-06-11,19,3,Rejected by Fraud,1.00,0.00,0.00,2025-06-11 19:00:02.913
2025-06-11,19,3,New,47.00,0.00,0.00,2025-06-11 19:00:02.913
2025-06-11,19,3,Canceled,1.00,0.00,0.00,2025-06-11 19:00:02.913
2025-06-11,19,3,Auto Pay By Fraud Succeeded,51.00,51.00,100.00,2025-06-11 19:00:02.913
2025-06-11,19,2,ApplePay,95.00,89.00,93.68,2025-06-11 19:00:01.203
2025-06-11,19,2,creditcard,197.00,151.00,76.65,2025-06-11 19:00:01.203
2025-06-11,19,2,NuveiPSP,3.00,2.00,66.67,2025-06-11 19:00:01.203
2025-06-11,19,2,paybyphone,118.00,43.00,36.44,2025-06-11 19:00:01.203
2025-06-11,19,2,paypal,14.00,14.00,100.00,2025-06-11 19:00:01.203
2025-06-11,19,2,paysafecard,16.00,7.00,43.75,2025-06-11 19:00:01.203
2025-06-11,19,2,swiffy,2.00,0.00,0.00,2025-06-11 19:00:01.203
2025-06-11,19,2,trustly,1.00,1.00,100.00,2025-06-11 19:00:01.203
2025-06-11,19,2,TrueLayer,36.00,21.00,58.33,2025-06-11 19:00:01.203
2025-06-11,19,2,TrueLayerIreland,2.00,0.00,0.00,2025-06-11 19:00:01.203
2025-06-11,19,1,Affordability Add,24.00,24.00,100.00,2025-06-11 19:00:01.153
2025-06-11,19,1,Withdrawal,59.00,57.00,96.61,2025-06-11 19:00:01.153
2025-06-11,19,1,Winning,12881.00,12881.00,100.00,2025-06-11 19:00:01.153
2025-06-11,19,1,Bet,58220.00,58141.00,99.86,2025-06-11 19:00:01.153
2025-06-11,19,1,Bonus Released,3.00,3.00,100.00,2025-06-11 19:00:01.153
2025-06-11,19,1,ProcessingFee,97.00,97.00,100.00,2025-06-11 19:00:01.153
2025-06-11,19,1,Deposit,485.00,328.00,67.63,2025-06-11 19:00:01.153
2025-06-11,18,8,SMS,119.00,119.00,100.00,2025-06-11 18:00:05.927
2025-06-11,18,8,PopUp,346.00,346.00,100.00,2025-06-11 18:00:05.927
2025-06-11,18,8,Email,724.00,724.00,100.00,2025-06-11 18:00:05.927
2025-06-11,18,7,Receive bonus,1341.00,1341.00,100.00,2025-06-11 18:00:03.450
2025-06-11,18,7,Lost Bonus,30.00,30.00,100.00,2025-06-11 18:00:03.450
2025-06-11,18,7,BonusWin,973.00,973.00,100.00,2025-06-11 18:00:03.450
2025-06-11,18,7,Bonus Adjustment,1.00,1.00,100.00,2025-06-11 18:00:03.450
2025-06-11,18,7,Bonus Conversion,1.00,1.00,100.00,2025-06-11 18:00:03.450
2025-06-11,18,7,Bet,6217.00,6217.00,100.00,2025-06-11 18:00:03.450
2025-06-11,18,6,FTD,9.00,9.00,100.00,2025-06-11 18:00:03.420
2025-06-11,18,6,FTDA,3.00,3.00,100.00,2025-06-11 18:00:03.420
2025-06-11,18,6,Reg,37.00,37.00,100.00,2025-06-11 18:00:03.420
2025-06-11,18,6,Lead,7.00,7.00,100.00,2025-06-11 18:00:03.420
2025-06-11,18,5,ResponsibleGamingAlert - Interactions Alert Severe,1.00,1.00,100.00,2025-06-11 18:00:03.377
2025-06-11,18,5,AMLLevelChangeMGA,1.00,1.00,100.00,2025-06-11 18:00:03.377
2025-06-11,18,5,FrictionlessCheckStatusResult,4.00,4.00,100.00,2025-06-11 18:00:03.377
2025-06-11,18,5,GamStopRelease,3.00,3.00,100.00,2025-06-11 18:00:03.377
2025-06-11,18,5,GamStopBlock,12.00,12.00,100.00,2025-06-11 18:00:03.377
2025-06-11,18,5,ResponsibleGamingAlert - Interactions Alert Medium,5.00,5.00,100.00,2025-06-11 18:00:03.377
2025-06-11,18,5,ResponsibleGamingAlert - Interactions Alert High,3.00,3.00,100.00,2025-06-11 18:00:03.377
2025-06-11,18,5,ID3PassUKSoftblock,2.00,2.00,100.00,2025-06-11 18:00:03.377
2025-06-11,18,5,ID3CheckResult,6.00,6.00,100.00,2025-06-11 18:00:03.377
2025-06-11,18,4,Sport,239.00,155.00,64.85,2025-06-11 18:00:03.357
2025-06-11,18,4,Live,352.00,352.00,100.00,2025-06-11 18:00:03.357
2025-06-11,18,4,Casino,49822.00,49822.00,100.00,2025-06-11 18:00:03.357
2025-06-11,18,4,Bingo,13.00,13.00,100.00,2025-06-11 18:00:03.357
2025-06-11,18,3,Auto Pay By Fraud Failed,1.00,0.00,0.00,2025-06-11 18:00:03.050
2025-06-11,18,3,Approved by Fraud,33.00,0.00,0.00,2025-06-11 18:00:03.050
2025-06-11,18,3,Auto Pay By Fraud Succeeded,56.00,56.00,100.00,2025-06-11 18:00:03.050
2025-06-11,18,3,Canceled,1.00,0.00,0.00,2025-06-11 18:00:03.050
2025-06-11,18,3,New,49.00,0.00,0.00,2025-06-11 18:00:03.050
2025-06-11,18,3,Paid,5.00,5.00,100.00,2025-06-11 18:00:03.050
2025-06-11,18,2,ApplePay,56.00,55.00,98.21,2025-06-11 18:00:01.167
2025-06-11,18,2,NuveiPSP,4.00,2.00,50.00,2025-06-11 18:00:01.167
2025-06-11,18,2,creditcard,180.00,145.00,80.56,2025-06-11 18:00:01.167
2025-06-11,18,2,swiffyDirect,1.00,0.00,0.00,2025-06-11 18:00:01.167
2025-06-11,18,2,paysafecard,15.00,9.00,60.00,2025-06-11 18:00:01.167
2025-06-11,18,2,paypal,21.00,18.00,85.71,2025-06-11 18:00:01.167
2025-06-11,18,2,paybyphone,121.00,51.00,42.15,2025-06-11 18:00:01.167
2025-06-11,18,2,TrueLayer,25.00,21.00,84.00,2025-06-11 18:00:01.167
2025-06-11,18,1,Affordability Add,22.00,22.00,100.00,2025-06-11 18:00:01.023
2025-06-11,18,1,Withdrawal,63.00,61.00,96.83,2025-06-11 18:00:01.023
2025-06-11,18,1,Winning,11837.00,11837.00,100.00,2025-06-11 18:00:01.023
2025-06-11,18,1,Revenue Adjustment Add,1.00,1.00,100.00,2025-06-11 18:00:01.023
2025-06-11,18,1,Deposit,423.00,301.00,71.16,2025-06-11 18:00:01.023
2025-06-11,18,1,ProcessingFee,112.00,112.00,100.00,2025-06-11 18:00:01.023
2025-06-11,18,1,Bonus Released,1.00,1.00,100.00,2025-06-11 18:00:01.023
2025-06-11,18,1,Bet,50413.00,50330.00,99.84,2025-06-11 18:00:01.023
2025-06-11,17,8,SMS,96.00,96.00,100.00,2025-06-11 17:00:03.687
2025-06-11,17,8,Email,677.00,677.00,100.00,2025-06-11 17:00:03.687
2025-06-11,17,8,PopUp,339.00,339.00,100.00,2025-06-11 17:00:03.687
2025-06-11,17,7,Receive bonus,743.00,743.00,100.00,2025-06-11 17:00:01.933
2025-06-11,17,7,Bet,5011.00,5011.00,100.00,2025-06-11 17:00:01.933
2025-06-11,17,7,Bonus Conversion,1.00,1.00,100.00,2025-06-11 17:00:01.933
2025-06-11,17,7,BonusWin,991.00,991.00,100.00,2025-06-11 17:00:01.933
2025-06-11,17,7,Lost Bonus,23.00,23.00,100.00,2025-06-11 17:00:01.933
2025-06-11,17,6,FTD,15.00,15.00,100.00,2025-06-11 17:00:01.913
2025-06-11,17,6,FTDA,6.00,6.00,100.00,2025-06-11 17:00:01.913
2025-06-11,17,6,Lead,9.00,9.00,100.00,2025-06-11 17:00:01.913
2025-06-11,17,6,Reg,34.00,34.00,100.00,2025-06-11 17:00:01.913
2025-06-11,17,5,GamStopBlock,16.00,16.00,100.00,2025-06-11 17:00:01.910
2025-06-11,17,5,GamStopRelease,6.00,6.00,100.00,2025-06-11 17:00:01.910
2025-06-11,17,5,FrictionlessCheckStatusResult,4.00,4.00,100.00,2025-06-11 17:00:01.910
2025-06-11,17,5,ID3CheckResult,9.00,9.00,100.00,2025-06-11 17:00:01.910
2025-06-11,17,5,ID3PassSetCDDRequired,2.00,2.00,100.00,2025-06-11 17:00:01.910
2025-06-11,17,5,ID3PassUKSoftblock,1.00,1.00,100.00,2025-06-11 17:00:01.910
2025-06-11,17,5,ResponsibleGamingAlert - Interactions Alert High,1.00,1.00,100.00,2025-06-11 17:00:01.910
2025-06-11,17,5,ResponsibleGamingAlert - Interactions Alert Medium,8.00,8.00,100.00,2025-06-11 17:00:01.910
2025-06-11,17,4,Bingo,28.00,28.00,100.00,2025-06-11 17:00:01.893
2025-06-11,17,4,Casino,46361.00,46361.00,100.00,2025-06-11 17:00:01.893
2025-06-11,17,4,Live,814.00,814.00,100.00,2025-06-11 17:00:01.893
2025-06-11,17,4,Sport,239.00,172.00,71.97,2025-06-11 17:00:01.893
2025-06-11,17,3,Approved by Fraud,41.00,0.00,0.00,2025-06-11 17:00:01.727
2025-06-11,17,3,Paid,1.00,1.00,100.00,2025-06-11 17:00:01.727
2025-06-11,17,3,New,63.00,0.00,0.00,2025-06-11 17:00:01.727
2025-06-11,17,3,Canceled,3.00,0.00,0.00,2025-06-11 17:00:01.727
2025-06-11,17,3,Auto Pay By Fraud Succeeded,24.00,24.00,100.00,2025-06-11 17:00:01.727
2025-06-11,17,2,ApplePay,82.00,74.00,90.24,2025-06-11 17:00:00.260
2025-06-11,17,2,creditcard,184.00,139.00,75.54,2025-06-11 17:00:00.260
2025-06-11,17,2,NuveiPSP,1.00,1.00,100.00,2025-06-11 17:00:00.260
2025-06-11,17,2,paybyphone,94.00,31.00,32.98,2025-06-11 17:00:00.260
2025-06-11,17,2,paypal,24.00,23.00,95.83,2025-06-11 17:00:00.260
2025-06-11,17,2,paysafecard,7.00,6.00,85.71,2025-06-11 17:00:00.260
2025-06-11,17,2,swiffy,1.00,0.00,0.00,2025-06-11 17:00:00.260
2025-06-11,17,2,TrueLayer,21.00,19.00,90.48,2025-06-11 17:00:00.260
2025-06-11,17,1,Affordability Add,24.00,24.00,100.00,2025-06-11 17:00:00.183
2025-06-11,17,1,Withdrawal,29.00,25.00,86.21,2025-06-11 17:00:00.183
2025-06-11,17,1,Winning,10920.00,10920.00,100.00,2025-06-11 17:00:00.183
2025-06-11,17,1,Bet,47434.00,47367.00,99.86,2025-06-11 17:00:00.183
2025-06-11,17,1,Bonus Released,1.00,1.00,100.00,2025-06-11 17:00:00.183
2025-06-11,17,1,ProcessingFee,54.00,54.00,100.00,2025-06-11 17:00:00.183
2025-06-11,17,1,Deposit,414.00,293.00,70.77,2025-06-11 17:00:00.183
2025-06-11,16,8,SMS,56.00,56.00,100.00,2025-06-11 16:00:05.973
2025-06-11,16,8,PopUp,271.00,271.00,100.00,2025-06-11 16:00:05.973
2025-06-11,16,8,Email,626.00,626.00,100.00,2025-06-11 16:00:05.973
2025-06-11,16,7,Receive bonus,899.00,899.00,100.00,2025-06-11 16:00:03.127
2025-06-11,16,7,Lost Bonus,32.00,32.00,100.00,2025-06-11 16:00:03.127
2025-06-11,16,7,BonusWin,1125.00,1125.00,100.00,2025-06-11 16:00:03.127
2025-06-11,16,7,Bonus Conversion,1.00,1.00,100.00,2025-06-11 16:00:03.127
2025-06-11,16,7,Bet,5508.00,5508.00,100.00,2025-06-11 16:00:03.127
2025-06-11,16,6,Reg,30.00,30.00,100.00,2025-06-11 16:00:03.117
2025-06-11,16,6,Lead,5.00,5.00,100.00,2025-06-11 16:00:03.117
2025-06-11,16,6,FTDA,2.00,2.00,100.00,2025-06-11 16:00:03.117
2025-06-11,16,6,FTD,16.00,16.00,100.00,2025-06-11 16:00:03.117
2025-06-11,16,5,ResponsibleGamingAlert - Interactions Alert Severe,1.00,1.00,100.00,2025-06-11 16:00:03.113
2025-06-11,16,5,AMLLevelChangeMGA,1.00,1.00,100.00,2025-06-11 16:00:03.113
2025-06-11,16,5,FrictionlessCheckStatusResult,7.00,7.00,100.00,2025-06-11 16:00:03.113
2025-06-11,16,5,GamStopRelease,14.00,14.00,100.00,2025-06-11 16:00:03.113
2025-06-11,16,5,GamStopBlock,23.00,23.00,100.00,2025-06-11 16:00:03.113
2025-06-11,16,5,ResponsibleGamingAlert - Interactions Alert Medium,3.00,3.00,100.00,2025-06-11 16:00:03.113
2025-06-11,16,5,ResponsibleGamingAlert - Interactions Alert High,2.00,2.00,100.00,2025-06-11 16:00:03.113
2025-06-11,16,5,ID3PassSetCDDRequired,5.00,5.00,100.00,2025-06-11 16:00:03.113
2025-06-11,16,5,ID3CheckResult,5.00,5.00,100.00,2025-06-11 16:00:03.113
2025-06-11,16,4,Sport,225.00,133.00,59.11,2025-06-11 16:00:03.107
2025-06-11,16,4,Live,206.00,206.00,100.00,2025-06-11 16:00:03.107
2025-06-11,16,4,Casino,36273.00,36273.00,100.00,2025-06-11 16:00:03.107
2025-06-11,16,4,Bingo,46.00,46.00,100.00,2025-06-11 16:00:03.107
2025-06-11,16,3,Approved by Fraud,6.00,0.00,0.00,2025-06-11 16:00:03.013
2025-06-11,16,3,Auto Pay By Fraud Succeeded,6.00,6.00,100.00,2025-06-11 16:00:03.013
2025-06-11,16,3,Canceled,3.00,0.00,0.00,2025-06-11 16:00:03.013
2025-06-11,16,3,New,55.00,0.00,0.00,2025-06-11 16:00:03.013
2025-06-11,16,2,ApplePay,91.00,83.00,91.21,2025-06-11 16:00:00.680
2025-06-11,16,2,creditcard,189.00,155.00,82.01,2025-06-11 16:00:00.680
2025-06-11,16,2,swiffyDirect,1.00,0.00,0.00,2025-06-11 16:00:00.680
2025-06-11,16,2,swiffy,1.00,0.00,0.00,2025-06-11 16:00:00.680
2025-06-11,16,2,paysafecard,13.00,7.00,53.85,2025-06-11 16:00:00.680
2025-06-11,16,2,paypal,25.00,24.00,96.00,2025-06-11 16:00:00.680
2025-06-11,16,2,paybyphone,83.00,33.00,39.76,2025-06-11 16:00:00.680
2025-06-11,16,2,TrueLayer,19.00,11.00,57.89,2025-06-11 16:00:00.680
2025-06-11,16,1,Affordability Add,26.00,26.00,100.00,2025-06-11 16:00:00.637
2025-06-11,16,1,Withdrawal,6.00,6.00,100.00,2025-06-11 16:00:00.637
2025-06-11,16,1,Winning,8341.00,8341.00,100.00,2025-06-11 16:00:00.637
2025-06-11,16,1,Revenue Adjustment Add,1.00,1.00,100.00,2025-06-11 16:00:00.637
2025-06-11,16,1,Deposit,422.00,313.00,74.17,2025-06-11 16:00:00.637
2025-06-11,16,1,ProcessingFee,39.00,39.00,100.00,2025-06-11 16:00:00.637
2025-06-11,16,1,Bonus Released,1.00,1.00,100.00,2025-06-11 16:00:00.637
2025-06-11,16,1,Bet,36738.00,36646.00,99.75,2025-06-11 16:00:00.637
2025-06-11,15,8,SMS,63.00,63.00,100.00,2025-06-11 15:00:03.107
2025-06-11,15,8,Email,499.00,499.00,100.00,2025-06-11 15:00:03.107
2025-06-11,15,8,PopUp,272.00,272.00,100.00,2025-06-11 15:00:03.107
2025-06-11,15,7,Receive bonus,595.00,595.00,100.00,2025-06-11 15:00:01.500
2025-06-11,15,7,Bet,4087.00,4087.00,100.00,2025-06-11 15:00:01.500
2025-06-11,15,7,Bonus Conversion,13.00,13.00,100.00,2025-06-11 15:00:01.500
2025-06-11,15,7,BonusWin,786.00,786.00,100.00,2025-06-11 15:00:01.500
2025-06-11,15,7,Lost Bonus,35.00,35.00,100.00,2025-06-11 15:00:01.500
2025-06-11,15,6,FTD,11.00,11.00,100.00,2025-06-11 15:00:01.493
2025-06-11,15,6,FTDA,2.00,2.00,100.00,2025-06-11 15:00:01.493
2025-06-11,15,6,Lead,8.00,8.00,100.00,2025-06-11 15:00:01.493
2025-06-11,15,6,Reg,33.00,33.00,100.00,2025-06-11 15:00:01.493
2025-06-11,15,5,AMLLevelChangeMGA,3.00,3.00,100.00,2025-06-11 15:00:01.477
2025-06-11,15,5,GamStopBlock,13.00,13.00,100.00,2025-06-11 15:00:01.477
2025-06-11,15,5,GamStopRelease,2.00,2.00,100.00,2025-06-11 15:00:01.477
2025-06-11,15,5,FrictionlessCheckStatusResult,9.00,9.00,100.00,2025-06-11 15:00:01.477
2025-06-11,15,5,ID3CheckResult,8.00,8.00,100.00,2025-06-11 15:00:01.477
2025-06-11,15,5,ID3PassSetCDDRequired,2.00,2.00,100.00,2025-06-11 15:00:01.477
2025-06-11,15,5,ResponsibleGamingAlert - Interactions Alert Medium,3.00,3.00,100.00,2025-06-11 15:00:01.477
2025-06-11,15,4,Bingo,61.00,61.00,100.00,2025-06-11 15:00:01.470
2025-06-11,15,4,Casino,36181.00,36181.00,100.00,2025-06-11 15:00:01.470
2025-06-11,15,4,Live,242.00,242.00,100.00,2025-06-11 15:00:01.470
2025-06-11,15,4,Sport,198.00,128.00,64.65,2025-06-11 15:00:01.470
2025-06-11,15,3,Approved by Fraud,7.00,0.00,0.00,2025-06-11 15:00:01.383
2025-06-11,15,3,New,46.00,0.00,0.00,2025-06-11 15:00:01.383
2025-06-11,15,3,Paid,4.00,4.00,100.00,2025-06-11 15:00:01.383
2025-06-11,15,3,Canceled,1.00,0.00,0.00,2025-06-11 15:00:01.383
2025-06-11,15,3,Auto Pay By Fraud Succeeded,10.00,10.00,100.00,2025-06-11 15:00:01.383
2025-06-11,15,2,ApplePay,73.00,67.00,91.78,2025-06-11 15:00:00.220
2025-06-11,15,2,creditcard,127.00,111.00,87.40,2025-06-11 15:00:00.220
2025-06-11,15,2,NuveiPSP,3.00,0.00,0.00,2025-06-11 15:00:00.220
2025-06-11,15,2,paybyphone,57.00,28.00,49.12,2025-06-11 15:00:00.220
2025-06-11,15,2,paypal,22.00,22.00,100.00,2025-06-11 15:00:00.220
2025-06-11,15,2,paysafecard,9.00,3.00,33.33,2025-06-11 15:00:00.220
2025-06-11,15,2,swiffy,3.00,0.00,0.00,2025-06-11 15:00:00.220
2025-06-11,15,2,TrueLayer,12.00,9.00,75.00,2025-06-11 15:00:00.220
2025-06-11,15,2,trustly,3.00,3.00,100.00,2025-06-11 15:00:00.220
2025-06-11,15,1,Affordability Add,30.00,30.00,100.00,2025-06-11 15:00:00.193
2025-06-11,15,1,Withdrawal,14.00,14.00,100.00,2025-06-11 15:00:00.193
2025-06-11,15,1,Revenue Adjustment Add,2.00,2.00,100.00,2025-06-11 15:00:00.193
2025-06-11,15,1,Winning,8446.00,8446.00,100.00,2025-06-11 15:00:00.193
2025-06-11,15,1,Bet,36687.00,36616.00,99.81,2025-06-11 15:00:00.193
2025-06-11,15,1,Bonus Released,13.00,13.00,100.00,2025-06-11 15:00:00.193
2025-06-11,15,1,ProcessingFee,42.00,42.00,100.00,2025-06-11 15:00:00.193
2025-06-11,15,1,Deposit,309.00,243.00,78.64,2025-06-11 15:00:00.193
2025-06-11,14,8,SMS,104.00,104.00,100.00,2025-06-11 14:00:04.177
2025-06-11,14,8,PopUp,300.00,300.00,100.00,2025-06-11 14:00:04.177
2025-06-11,14,8,Email,584.00,584.00,100.00,2025-06-11 14:00:04.177
2025-06-11,14,7,Receive bonus,894.00,894.00,100.00,2025-06-11 14:00:02.190
2025-06-11,14,7,Lost Bonus,27.00,27.00,100.00,2025-06-11 14:00:02.190
2025-06-11,14,7,BonusWin,891.00,891.00,100.00,2025-06-11 14:00:02.190
2025-06-11,14,7,Bonus Conversion,1.00,1.00,100.00,2025-06-11 14:00:02.190
2025-06-11,14,7,Bet,3829.00,3829.00,100.00,2025-06-11 14:00:02.190
2025-06-11,14,6,Reg,52.00,52.00,100.00,2025-06-11 14:00:02.183
2025-06-11,14,6,Lead,4.00,4.00,100.00,2025-06-11 14:00:02.183
2025-06-11,14,6,FTDA,5.00,5.00,100.00,2025-06-11 14:00:02.183
2025-06-11,14,6,FTD,14.00,14.00,100.00,2025-06-11 14:00:02.183
2025-06-11,14,5,AMLLevelChangeMGA,5.00,5.00,100.00,2025-06-11 14:00:02.153
2025-06-11,14,5,FrictionlessCheckStatusResult,2.00,2.00,100.00,2025-06-11 14:00:02.153
2025-06-11,14,5,GamStopBlock,4.00,4.00,100.00,2025-06-11 14:00:02.153
2025-06-11,14,5,ResponsibleGamingAlert - Interactions Alert Medium,3.00,3.00,100.00,2025-06-11 14:00:02.153
2025-06-11,14,5,ResponsibleGamingAlert - Interactions Alert High,1.00,1.00,100.00,2025-06-11 14:00:02.153
2025-06-11,14,5,ID3PassUKSoftblock,1.00,1.00,100.00,2025-06-11 14:00:02.153
2025-06-11,14,5,ID3PassSetCDDRequired,5.00,5.00,100.00,2025-06-11 14:00:02.153
2025-06-11,14,5,ID3CheckResult,12.00,12.00,100.00,2025-06-11 14:00:02.153
2025-06-11,14,4,Sport,208.00,146.00,70.19,2025-06-11 14:00:02.143
2025-06-11,14,4,Live,339.00,339.00,100.00,2025-06-11 14:00:02.143
2025-06-11,14,4,Casino,33163.00,33163.00,100.00,2025-06-11 14:00:02.143
2025-06-11,14,4,Bingo,32.00,32.00,100.00,2025-06-11 14:00:02.143
2025-06-11,14,3,Approved by Fraud,4.00,0.00,0.00,2025-06-11 14:00:02.067
2025-06-11,14,3,Auto Pay By Fraud Succeeded,28.00,28.00,100.00,2025-06-11 14:00:02.067
2025-06-11,14,3,Paid,2.00,2.00,100.00,2025-06-11 14:00:02.067
2025-06-11,14,3,New,39.00,0.00,0.00,2025-06-11 14:00:02.067
2025-06-11,14,2,ApplePay,44.00,41.00,93.18,2025-06-11 14:00:01.013
2025-06-11,14,2,NuveiPSP,1.00,0.00,0.00,2025-06-11 14:00:01.013
2025-06-11,14,2,creditcard,133.00,118.00,88.72,2025-06-11 14:00:01.013
2025-06-11,14,2,TrueLayer,14.00,9.00,64.29,2025-06-11 14:00:01.013
2025-06-11,14,2,swiffy,1.00,0.00,0.00,2025-06-11 14:00:01.013
2025-06-11,14,2,paysafecard,19.00,10.00,52.63,2025-06-11 14:00:01.013
2025-06-11,14,2,paypal,15.00,13.00,86.67,2025-06-11 14:00:01.013
2025-06-11,14,2,paybyphone,91.00,36.00,39.56,2025-06-11 14:00:01.013
2025-06-11,14,2,trustly,1.00,0.00,0.00,2025-06-11 14:00:01.013
2025-06-11,14,1,Affordability Add,21.00,21.00,100.00,2025-06-11 14:00:00.987
2025-06-11,14,1,Withdrawal,31.00,29.00,93.55,2025-06-11 14:00:00.987
2025-06-11,14,1,Withdrawal by support,1.00,1.00,100.00,2025-06-11 14:00:00.987
2025-06-11,14,1,Winning,8539.00,8539.00,100.00,2025-06-11 14:00:00.987
2025-06-11,14,1,Deposit,319.00,227.00,71.16,2025-06-11 14:00:00.987
2025-06-11,14,1,ProcessingFee,66.00,66.00,100.00,2025-06-11 14:00:00.987
2025-06-11,14,1,Bonus Released,1.00,1.00,100.00,2025-06-11 14:00:00.987
2025-06-11,14,1,Bet,33744.00,33682.00,99.82,2025-06-11 14:00:00.987
2025-06-11,13,8,SMS,71.00,71.00,100.00,2025-06-11 13:00:04.447
2025-06-11,13,8,Email,510.00,510.00,100.00,2025-06-11 13:00:04.447
2025-06-11,13,8,PopUp,232.00,232.00,100.00,2025-06-11 13:00:04.447
2025-06-11,13,7,Receive bonus,676.00,676.00,100.00,2025-06-11 13:00:02.690
2025-06-11,13,7,Bet,3286.00,3286.00,100.00,2025-06-11 13:00:02.690
2025-06-11,13,7,Bonus Conversion,3.00,3.00,100.00,2025-06-11 13:00:02.690
2025-06-11,13,7,BonusWin,636.00,636.00,100.00,2025-06-11 13:00:02.690
2025-06-11,13,7,Lost Bonus,17.00,17.00,100.00,2025-06-11 13:00:02.690
2025-06-11,13,6,FTD,19.00,19.00,100.00,2025-06-11 13:00:02.670
2025-06-11,13,6,FTDA,2.00,2.00,100.00,2025-06-11 13:00:02.670
2025-06-11,13,6,Lead,8.00,8.00,100.00,2025-06-11 13:00:02.670
2025-06-11,13,6,Reg,31.00,31.00,100.00,2025-06-11 13:00:02.670
2025-06-11,13,5,AMLLevelChangeMGA,1.00,1.00,100.00,2025-06-11 13:00:02.637
2025-06-11,13,5,GamStopBlock,6.00,6.00,100.00,2025-06-11 13:00:02.637
2025-06-11,13,5,FrictionlessCheckStatusResult,4.00,4.00,100.00,2025-06-11 13:00:02.637
2025-06-11,13,5,ID3CheckResult,8.00,8.00,100.00,2025-06-11 13:00:02.637
2025-06-11,13,5,ID3PassSetCDDRequired,1.00,1.00,100.00,2025-06-11 13:00:02.637
2025-06-11,13,5,ID3PassUKSoftblock,1.00,1.00,100.00,2025-06-11 13:00:02.637
2025-06-11,13,5,ResponsibleGamingAlert - Interactions Alert High,1.00,1.00,100.00,2025-06-11 13:00:02.637
2025-06-11,13,5,ResponsibleGamingAlert - Interactions Alert Medium,3.00,3.00,100.00,2025-06-11 13:00:02.637
2025-06-11,13,4,Bingo,20.00,20.00,100.00,2025-06-11 13:00:02.613
2025-06-11,13,4,Casino,35065.00,35065.00,100.00,2025-06-11 13:00:02.613
2025-06-11,13,4,Live,290.00,290.00,100.00,2025-06-11 13:00:02.613
2025-06-11,13,4,Sport,115.00,71.00,61.74,2025-06-11 13:00:02.613
2025-06-11,13,3,Approved by Fraud,27.00,0.00,0.00,2025-06-11 13:00:02.477
2025-06-11,13,3,New,25.00,0.00,0.00,2025-06-11 13:00:02.477
2025-06-11,13,3,Paid,7.00,7.00,100.00,2025-06-11 13:00:02.477
2025-06-11,13,3,Auto Pay By Fraud Succeeded,6.00,6.00,100.00,2025-06-11 13:00:02.477
2025-06-11,13,2,ApplePay,46.00,43.00,93.48,2025-06-11 13:00:00.960
2025-06-11,13,2,creditcard,135.00,110.00,81.48,2025-06-11 13:00:00.960
2025-06-11,13,2,NuveiPSP,7.00,0.00,0.00,2025-06-11 13:00:00.960
2025-06-11,13,2,paybyphone,46.00,15.00,32.61,2025-06-11 13:00:00.960
2025-06-11,13,2,paypal,11.00,10.00,90.91,2025-06-11 13:00:00.960
2025-06-11,13,2,paysafecard,14.00,8.00,57.14,2025-06-11 13:00:00.960
2025-06-11,13,2,swiffy,3.00,0.00,0.00,2025-06-11 13:00:00.960
2025-06-11,13,2,TrueLayer,25.00,17.00,68.00,2025-06-11 13:00:00.960
2025-06-11,13,2,swiffyDirect,1.00,0.00,0.00,2025-06-11 13:00:00.960
2025-06-11,13,1,Adjustment,1.00,1.00,100.00,2025-06-11 13:00:00.887
2025-06-11,13,1,Affordability Add,27.00,27.00,100.00,2025-06-11 13:00:00.887
2025-06-11,13,1,Adjustment Add,1.00,1.00,100.00,2025-06-11 13:00:00.887
2025-06-11,13,1,Withdrawal,15.00,13.00,86.67,2025-06-11 13:00:00.887
2025-06-11,13,1,Winning,8782.00,8782.00,100.00,2025-06-11 13:00:00.887
2025-06-11,13,1,Revenue Adjustment Add,1.00,1.00,100.00,2025-06-11 13:00:00.887
2025-06-11,13,1,Bet,35485.00,35441.00,99.88,2025-06-11 13:00:00.887
2025-06-11,13,1,Bonus Released,3.00,3.00,100.00,2025-06-11 13:00:00.887
2025-06-11,13,1,ProcessingFee,28.00,28.00,100.00,2025-06-11 13:00:00.887
2025-06-11,13,1,Deposit,288.00,203.00,70.49,2025-06-11 13:00:00.887
2025-06-11,13,1,Clear Balance,1.00,1.00,100.00,2025-06-11 13:00:00.887
2025-06-11,12,8,SMS,78.00,78.00,100.00,2025-06-11 12:00:03.673
2025-06-11,12,8,PopUp,189.00,189.00,100.00,2025-06-11 12:00:03.673
2025-06-11,12,8,Email,423.00,423.00,100.00,2025-06-11 12:00:03.673
2025-06-11,12,7,Receive bonus,490.00,490.00,100.00,2025-06-11 12:00:01.620
2025-06-11,12,7,Lost Bonus,19.00,19.00,100.00,2025-06-11 12:00:01.620
2025-06-11,12,7,BonusWin,589.00,589.00,100.00,2025-06-11 12:00:01.620
2025-06-11,12,7,Bonus Conversion,3.00,3.00,100.00,2025-06-11 12:00:01.620
2025-06-11,12,7,Bet,2998.00,2998.00,100.00,2025-06-11 12:00:01.620
2025-06-11,12,6,Reg,24.00,24.00,100.00,2025-06-11 12:00:01.613
2025-06-11,12,6,Lead,5.00,5.00,100.00,2025-06-11 12:00:01.613
2025-06-11,12,6,FTDA,1.00,1.00,100.00,2025-06-11 12:00:01.613
2025-06-11,12,6,FTD,9.00,9.00,100.00,2025-06-11 12:00:01.613
2025-06-11,12,5,ResponsibleGamingAlert - Interactions Alert Medium,7.00,7.00,100.00,2025-06-11 12:00:01.610
2025-06-11,12,5,ResponsibleGamingAlert - Interactions Alert High,2.00,2.00,100.00,2025-06-11 12:00:01.610
2025-06-11,12,5,ID3CheckResult,4.00,4.00,100.00,2025-06-11 12:00:01.610
2025-06-11,12,5,FrictionlessCheckStatusResult,3.00,3.00,100.00,2025-06-11 12:00:01.610
2025-06-11,12,5,GamStopBlock,1.00,1.00,100.00,2025-06-11 12:00:01.610
2025-06-11,12,5,AMLLevelChangeMGA,3.00,3.00,100.00,2025-06-11 12:00:01.610
2025-06-11,12,4,Sport,139.00,78.00,56.12,2025-06-11 12:00:01.607
2025-06-11,12,4,Live,201.00,201.00,100.00,2025-06-11 12:00:01.607
2025-06-11,12,4,Casino,30880.00,30880.00,100.00,2025-06-11 12:00:01.607
2025-06-11,12,4,Bingo,13.00,13.00,100.00,2025-06-11 12:00:01.607
2025-06-11,12,3,Approved by Fraud,6.00,0.00,0.00,2025-06-11 12:00:01.453
2025-06-11,12,3,Auto Pay By Fraud Failed,4.00,0.00,0.00,2025-06-11 12:00:01.453
2025-06-11,12,3,Auto Pay By Fraud Succeeded,40.00,40.00,100.00,2025-06-11 12:00:01.453
2025-06-11,12,3,Paid,8.00,8.00,100.00,2025-06-11 12:00:01.453
2025-06-11,12,3,New,30.00,0.00,0.00,2025-06-11 12:00:01.453
2025-06-11,12,2,ApplePay,38.00,34.00,89.47,2025-06-11 12:00:00.340
2025-06-11,12,2,NuveiPSP,6.00,1.00,16.67,2025-06-11 12:00:00.340
2025-06-11,12,2,creditcard,103.00,88.00,85.44,2025-06-11 12:00:00.340
2025-06-11,12,2,TrueLayer,15.00,13.00,86.67,2025-06-11 12:00:00.340
2025-06-11,12,2,paysafecard,5.00,4.00,80.00,2025-06-11 12:00:00.340
2025-06-11,12,2,paypal,10.00,10.00,100.00,2025-06-11 12:00:00.340
2025-06-11,12,2,paybyphone,66.00,38.00,57.58,2025-06-11 12:00:00.340
2025-06-11,12,2,trustly,1.00,1.00,100.00,2025-06-11 12:00:00.340
2025-06-11,12,1,Affordability Add,11.00,11.00,100.00,2025-06-11 12:00:00.250
2025-06-11,12,1,Withdrawal,56.00,47.00,83.93,2025-06-11 12:00:00.250
2025-06-11,12,1,Withdrawal by support,1.00,1.00,100.00,2025-06-11 12:00:00.250
2025-06-11,12,1,Revenue Adjustment Add,1.00,1.00,100.00,2025-06-11 12:00:00.250
2025-06-11,12,1,Winning,7653.00,7653.00,100.00,2025-06-11 12:00:00.250
2025-06-11,12,1,Deposit,244.00,189.00,77.46,2025-06-11 12:00:00.250
2025-06-11,12,1,ProcessingFee,84.00,84.00,100.00,2025-06-11 12:00:00.250
2025-06-11,12,1,Bonus Released,3.00,3.00,100.00,2025-06-11 12:00:00.250
2025-06-11,12,1,Bet,31227.00,31166.00,99.80,2025-06-11 12:00:00.250
2025-06-11,11,8,SMS,93.00,93.00,100.00,2025-06-11 11:00:04.323
2025-06-11,11,8,Email,453.00,453.00,100.00,2025-06-11 11:00:04.323
2025-06-11,11,8,PopUp,199.00,199.00,100.00,2025-06-11 11:00:04.323
2025-06-11,11,7,Receive bonus,1024.00,1024.00,100.00,2025-06-11 11:00:02.493
2025-06-11,11,7,Bet,3880.00,3880.00,100.00,2025-06-11 11:00:02.493
2025-06-11,11,7,Bonus Conversion,3.00,3.00,100.00,2025-06-11 11:00:02.493
2025-06-11,11,7,BonusWin,696.00,696.00,100.00,2025-06-11 11:00:02.493
2025-06-11,11,7,Lost Bonus,25.00,25.00,100.00,2025-06-11 11:00:02.493
2025-06-11,11,6,FTD,6.00,6.00,100.00,2025-06-11 11:00:02.473
2025-06-11,11,6,FTDA,2.00,2.00,100.00,2025-06-11 11:00:02.473
2025-06-11,11,6,Lead,8.00,8.00,100.00,2025-06-11 11:00:02.473
2025-06-11,11,6,Reg,37.00,37.00,100.00,2025-06-11 11:00:02.473
2025-06-11,11,5,AMLLevelChangeMGA,4.00,4.00,100.00,2025-06-11 11:00:02.443
2025-06-11,11,5,GamStopBlock,13.00,13.00,100.00,2025-06-11 11:00:02.443
2025-06-11,11,5,GamStopRelease,4.00,4.00,100.00,2025-06-11 11:00:02.443
2025-06-11,11,5,ID3CheckResult,6.00,6.00,100.00,2025-06-11 11:00:02.443
2025-06-11,11,5,ResponsibleGamingAlert - Interactions Alert High,1.00,1.00,100.00,2025-06-11 11:00:02.443
2025-06-11,11,5,ResponsibleGamingAlert - Interactions Alert Medium,2.00,2.00,100.00,2025-06-11 11:00:02.443
2025-06-11,11,4,Bingo,9.00,9.00,100.00,2025-06-11 11:00:02.423
2025-06-11,11,4,Casino,27378.00,27378.00,100.00,2025-06-11 11:00:02.423
2025-06-11,11,4,Live,121.00,121.00,100.00,2025-06-11 11:00:02.423
2025-06-11,11,4,Sport,121.00,67.00,55.37,2025-06-11 11:00:02.423
2025-06-11,11,3,Approved by Fraud,54.00,0.00,0.00,2025-06-11 11:00:02.290
2025-06-11,11,3,New,17.00,0.00,0.00,2025-06-11 11:00:02.290
2025-06-11,11,3,Paid,3.00,3.00,100.00,2025-06-11 11:00:02.290
2025-06-11,11,3,Rejected by Fraud,10.00,0.00,0.00,2025-06-11 11:00:02.290
2025-06-11,11,3,Auto Pay By Fraud Succeeded,38.00,38.00,100.00,2025-06-11 11:00:02.290
2025-06-11,11,2,ApplePay,35.00,35.00,100.00,2025-06-11 11:00:00.410
2025-06-11,11,2,creditcard,91.00,72.00,79.12,2025-06-11 11:00:00.410
2025-06-11,11,2,NuveiPSP,9.00,0.00,0.00,2025-06-11 11:00:00.410
2025-06-11,11,2,paybyphone,79.00,39.00,49.37,2025-06-11 11:00:00.410
2025-06-11,11,2,paypal,9.00,9.00,100.00,2025-06-11 11:00:00.410
2025-06-11,11,2,paysafecard,5.00,3.00,60.00,2025-06-11 11:00:00.410
2025-06-11,11,2,TrueLayer,12.00,11.00,91.67,2025-06-11 11:00:00.410
2025-06-11,11,2,trustly,1.00,1.00,100.00,2025-06-11 11:00:00.410
2025-06-11,11,1,Adjustment,1.00,1.00,100.00,2025-06-11 11:00:00.207
2025-06-11,11,1,Affordability Add,15.00,15.00,100.00,2025-06-11 11:00:00.207
2025-06-11,11,1,Withdrawal by support,1.00,1.00,100.00,2025-06-11 11:00:00.207
2025-06-11,11,1,Withdrawal,48.00,40.00,83.33,2025-06-11 11:00:00.207
2025-06-11,11,1,Winning,6478.00,6478.00,100.00,2025-06-11 11:00:00.207
2025-06-11,11,1,Revenue Adjustment Add,3.00,3.00,100.00,2025-06-11 11:00:00.207
2025-06-11,11,1,Bet,27633.00,27580.00,99.81,2025-06-11 11:00:00.207
2025-06-11,11,1,Bonus Released,3.00,3.00,100.00,2025-06-11 11:00:00.207
2025-06-11,11,1,ProcessingFee,80.00,80.00,100.00,2025-06-11 11:00:00.207
2025-06-11,11,1,Deposit,241.00,170.00,70.54,2025-06-11 11:00:00.207
2025-06-11,10,8,SMS,76.00,76.00,100.00,2025-06-11 10:00:04.847
2025-06-11,10,8,PopUp,246.00,246.00,100.00,2025-06-11 10:00:04.847
2025-06-11,10,8,Email,544.00,544.00,100.00,2025-06-11 10:00:04.847
2025-06-11,10,7,Receive bonus,1037.00,1037.00,100.00,2025-06-11 10:00:02.810
2025-06-11,10,7,Lost Bonus,19.00,19.00,100.00,2025-06-11 10:00:02.810
2025-06-11,10,7,BonusWin,816.00,816.00,100.00,2025-06-11 10:00:02.810
2025-06-11,10,7,Bonus Conversion,1.00,1.00,100.00,2025-06-11 10:00:02.810
2025-06-11,10,7,Bet,4259.00,4259.00,100.00,2025-06-11 10:00:02.810
2025-06-11,10,6,Reg,45.00,45.00,100.00,2025-06-11 10:00:02.807
2025-06-11,10,6,Lead,9.00,9.00,100.00,2025-06-11 10:00:02.807
2025-06-11,10,6,FTDA,2.00,2.00,100.00,2025-06-11 10:00:02.807
2025-06-11,10,6,FTD,5.00,5.00,100.00,2025-06-11 10:00:02.807
2025-06-11,10,5,GamStopRelease,4.00,4.00,100.00,2025-06-11 10:00:02.807
2025-06-11,10,5,GamStopBlock,12.00,12.00,100.00,2025-06-11 10:00:02.807
2025-06-11,10,5,FrictionlessCheckStatusResult,2.00,2.00,100.00,2025-06-11 10:00:02.807
2025-06-11,10,5,ResponsibleGamingAlert - Interactions Alert Medium,4.00,4.00,100.00,2025-06-11 10:00:02.807
2025-06-11,10,5,ResponsibleGamingAlert - Interactions Alert High,2.00,2.00,100.00,2025-06-11 10:00:02.807
2025-06-11,10,5,ID3CheckResult,3.00,3.00,100.00,2025-06-11 10:00:02.807
2025-06-11,10,4,Sport,97.00,60.00,61.86,2025-06-11 10:00:02.800
2025-06-11,10,4,Live,125.00,125.00,100.00,2025-06-11 10:00:02.800
2025-06-11,10,4,Casino,27103.00,27103.00,100.00,2025-06-11 10:00:02.800
2025-06-11,10,4,Bingo,6.00,6.00,100.00,2025-06-11 10:00:02.800
2025-06-11,10,3,Approved by Fraud,29.00,0.00,0.00,2025-06-11 10:00:02.683
2025-06-11,10,3,Auto Pay By Fraud Failed,2.00,0.00,0.00,2025-06-11 10:00:02.683
2025-06-11,10,3,Auto Pay By Fraud Succeeded,22.00,22.00,100.00,2025-06-11 10:00:02.683
2025-06-11,10,3,Rejected by Fraud,4.00,0.00,0.00,2025-06-11 10:00:02.683
2025-06-11,10,3,Paid,5.00,5.00,100.00,2025-06-11 10:00:02.683
2025-06-11,10,3,New,20.00,0.00,0.00,2025-06-11 10:00:02.683
2025-06-11,10,2,ApplePay,45.00,38.00,84.44,2025-06-11 10:00:01.033
2025-06-11,10,2,NuveiPSP,5.00,1.00,20.00,2025-06-11 10:00:01.033
2025-06-11,10,2,creditcard,121.00,88.00,72.73,2025-06-11 10:00:01.033
2025-06-11,10,2,TrueLayer,12.00,10.00,83.33,2025-06-11 10:00:01.033
2025-06-11,10,2,swiffyDirect,1.00,0.00,0.00,2025-06-11 10:00:01.033
2025-06-11,10,2,paysafecard,7.00,4.00,57.14,2025-06-11 10:00:01.033
2025-06-11,10,2,swiffy,1.00,0.00,0.00,2025-06-11 10:00:01.033
2025-06-11,10,2,paypal,4.00,4.00,100.00,2025-06-11 10:00:01.033
2025-06-11,10,2,paybyphone,96.00,49.00,51.04,2025-06-11 10:00:01.033
2025-06-11,10,1,Affordability Add,12.00,12.00,100.00,2025-06-11 10:00:00.940
2025-06-11,10,1,Withdrawal,34.00,26.00,76.47,2025-06-11 10:00:00.940
2025-06-11,10,1,Withdrawal by support,1.00,1.00,100.00,2025-06-11 10:00:00.940
2025-06-11,10,1,Revenue Adjustment Add,1.00,1.00,100.00,2025-06-11 10:00:00.940
2025-06-11,10,1,Winning,6556.00,6556.00,100.00,2025-06-11 10:00:00.940
2025-06-11,10,1,Deposit,293.00,194.00,66.21,2025-06-11 10:00:00.940
2025-06-11,10,1,ProcessingFee,75.00,75.00,100.00,2025-06-11 10:00:00.940
2025-06-11,10,1,Bonus Released,1.00,1.00,100.00,2025-06-11 10:00:00.940
2025-06-11,10,1,Bet,27323.00,27286.00,99.86,2025-06-11 10:00:00.940
2025-06-11,10,1,Affordability Deduct,1.00,1.00,100.00,2025-06-11 10:00:00.940
2025-06-11,9,8,SMS,81.00,81.00,100.00,2025-06-11 09:00:03.290
2025-06-11,9,8,Email,384.00,384.00,100.00,2025-06-11 09:00:03.290
2025-06-11,9,8,PopUp,144.00,144.00,100.00,2025-06-11 09:00:03.290
2025-06-11,9,7,Receive bonus,792.00,792.00,100.00,2025-06-11 09:00:01.710
2025-06-11,9,7,Bet,3229.00,3229.00,100.00,2025-06-11 09:00:01.710
2025-06-11,9,7,Bonus Adjustment,1.00,1.00,100.00,2025-06-11 09:00:01.710
2025-06-11,9,7,BonusWin,546.00,546.00,100.00,2025-06-11 09:00:01.710
2025-06-11,9,7,Lost Bonus,23.00,23.00,100.00,2025-06-11 09:00:01.710
2025-06-11,9,6,FTD,9.00,9.00,100.00,2025-06-11 09:00:01.707
2025-06-11,9,6,FTDA,2.00,2.00,100.00,2025-06-11 09:00:01.707
2025-06-11,9,6,Lead,2.00,2.00,100.00,2025-06-11 09:00:01.707
2025-06-11,9,6,Reg,38.00,38.00,100.00,2025-06-11 09:00:01.707
2025-06-11,9,5,ID3CheckResult,4.00,4.00,100.00,2025-06-11 09:00:01.703
2025-06-11,9,5,ResponsibleGamingAlert - Interactions Alert High,1.00,1.00,100.00,2025-06-11 09:00:01.703
2025-06-11,9,5,ID3PassUKSoftblock,1.00,1.00,100.00,2025-06-11 09:00:01.703
2025-06-11,9,5,ResponsibleGamingAlert - Interactions Alert Medium,4.00,4.00,100.00,2025-06-11 09:00:01.703
2025-06-11,9,5,GamStopBlock,9.00,9.00,100.00,2025-06-11 09:00:01.703
2025-06-11,9,5,GamStopRelease,2.00,2.00,100.00,2025-06-11 09:00:01.703
